InhibitedStrain	InhibitorStrain	MainRoot	Rep
MF10	NB	2.516305785	Rep1
MF10	NB	1.423884298	Rep1
MF10	NB	2.595247934	Rep1
MF10	NB	2.212280992	Rep1
MF10	NB	1.702561983	Rep1
MF10	CL11	6.322752066	Rep1
MF10	CL14	6.148809917	Rep1
MF10	CL14	7.988132231	Rep1
MF10	CL14	7.193545455	Rep1
MF10	CL14	7.11846281	Rep1
MF3	NB	2.743454545	Rep1
MF3	NB	2.852966942	Rep1
MF3	NB	3.50631405	Rep1
MF3	NB	2.826446281	Rep1
MF3	NB	2.877743802	Rep1
MF3	CL11	5.193429752	Rep1
MF3	CL11	6.076404959	Rep1
MF3	CL11	5.752280992	Rep1
MF3	CL11	5.243380165	Rep1
MF3	CL11	5.153801653	Rep1
MF3	CL11	5.235107438	Rep1
MF3	CL14	3.844256198	Rep1
MF3	CL14	3.50631405	Rep1
MF3	CL14	4.289256198	Rep1
MF3	CL14	4.527694215	Rep1
MF3	CL14	4.621157025	Rep1
MF31	NB	1.561983471	Rep1
MF31	NB	0.925694215	Rep1
MF31	NB	0.867768595	Rep1
MF31	NB	1.011371901	Rep1
MF31	CL11	1.165553719	Rep1
MF31	CL11	1.235198347	Rep1
MF31	CL11	0.969801653	Rep1
MF31	CL11	0.922702479	Rep1
MF31	CL11	0.550504132	Rep1
MF31	CL11	1.108793388	Rep1
MF31	CL14	6.998066116	Rep1
MF31	CL14	6.670157025	Rep1
MF31	CL14	4.794363636	Rep1
MF31	CL14	6.191504132	Rep1
MF31	CL14	7.47268595	Rep1
CL52	NB	2.238247934	Rep1
CL52	NB	1.268942149	Rep1
CL52	NB	1.577140496	Rep1
CL52	NB	1.955884298	Rep1
CL52	NB	2.602041322	Rep1
CL52	CL11	4.34138843	Rep1
CL52	CL11	2.879876033	Rep1
CL52	CL11	3.676198347	Rep1
CL52	CL14	7.637809917	Rep1
CL52	CL14	5.670479339	Rep1
CL52	CL14	6.436975207	Rep1
CL52	CL14	6.673289256	Rep1
CL52	CL14	7.489082645	Rep1
CL52	CL14	6.024793388	Rep1
CL72	NB	1.369256198	Rep1
CL72	CL11	3.750446281	Rep1
CL72	CL11	3.94246281	Rep1
CL72	CL11	3.414380165	Rep1
CL72	CL11	2.779628099	Rep1
CL72	CL11	5.209504132	Rep1
CL72	CL14	6.133793388	Rep1
CL72	CL14	4.772966942	Rep1
CL72	CL14	5.556429752	Rep1
CL72	CL14	4.420181818	Rep1
MF224	NB	4.208818182	Rep1
MF224	NB	3.600512397	Rep1
MF224	NB	4.293842975	Rep1
MF224	NB	4.786727273	Rep1
MF224	CL14	3.773809917	Rep1
MF224	CL14	3.310917355	Rep1
MF224	CL14	2.983561983	Rep1
MF224	CL14	3.093909091	Rep1
MF224	CL14	2.923206612	Rep1
MF224	CL11	4.099991736	Rep1
MF224	CL11	5.788818182	Rep1
MF224	CL11	5.17422314	Rep1
MF491	NB	1.479727273	Rep1
MF491	NB	0.768595041	Rep1
MF491	NB	1.125578512	Rep1
MF491	NB	1.190082645	Rep1
MF491	NB	1.367239669	Rep1
MF491	CL11	2.620528926	Rep1
MF491	CL11	1.455338843	Rep1
MF491	CL11	2.412272727	Rep1
MF491	CL11	3.147826446	Rep1
MF491	CL14	5.220421488	Rep1
MF491	CL14	4.501446281	Rep1
MF491	CL14	4.860619835	Rep1
MF491	CL14	5.483338843	Rep1
MF26	NB	0.661570248	Rep1
MF26	NB	1.02692562	Rep1
MF26	NB	0.561256198	Rep1
MF26	CL11	0.884950413	Rep1
MF26	CL11	1.913115702	Rep1
MF26	CL11	1.683396694	Rep1
MF26	CL11	0.982396694	Rep1
MF26	CL14	5.884867769	Rep1
MF26	CL14	5.780264463	Rep1
MF26	CL14	4.834966942	Rep1
MF26	CL14	7.476016529	Rep1
MF48	NB	2.803404959	Rep1
MF48	NB	1.561983471	Rep1
MF48	NB	2.654743802	Rep1
MF48	CL11	5.86477686	Rep1
MF48	CL11	4.197702479	Rep1
MF48	CL11	3.942694215	Rep1
MF48	CL11	4.640603306	Rep1
MF48	CL11	4.214876033	Rep1
MF48	CL11	4.392909091	Rep1
MF48	CL11	3.636438017	Rep1
MF48	CL14	2.013768595	Rep1
MF48	CL14	1.599123967	Rep1
CL91	NB	0.523016529	Rep1
CL91	NB	1.191115702	Rep1
CL91	NB	0.523016529	Rep1
CL91	NB	0.32231405	Rep1
CL91	NB	1.342512397	Rep1
CL91	CL11	0.94214876	Rep1
CL91	CL11	1.655041322	Rep1
CL91	CL11	4.464528926	Rep1
CL91	CL11	3.992429752	Rep1
CL91	CL11	3.644966942	Rep1
CL91	CL14	3.502983471	Rep1
CL91	CL14	3.331553719	Rep1
CL91	CL14	2.975305785	Rep1
CL91	CL14	2.058	Rep1
CL91	CL14	2.215504132	Rep1
MF254	NB	1.133198347	Rep1
MF254	CL11	1.190082645	Rep1
MF254	CL11	0.691553719	Rep1
MF254	CL11	1.438016529	Rep1
MF254	CL14	3.824694215	Rep1
MF254	CL14	5.04238843	Rep1
MF254	CL14	6.12522314	Rep1
CL130	NB	0.624280992	Rep1
CL130	NB	0.570247934	Rep1
CL130	NB	1.26931405	Rep1
CL130	NB	0.743801653	Rep1
CL130	CL11	4.192719008	Rep1
CL130	CL11	2.827421488	Rep1
CL130	CL11	4.168900826	Rep1
CL130	CL11	4.048917355	Rep1
CL130	CL14	6.490041322	Rep1
CL130	CL14	4.072231405	Rep1
CL130	CL14	5.305842975	Rep1
MF6	NB	0.28268595	Rep1
MF6	NB	0.719008264	Rep1
MF6	NB	0.354983471	Rep1
MF6	CL11	0.27385124	Rep1
MF6	CL11	0.496487603	Rep1
MF6	CL11	0.729619835	Rep1
MF6	CL11	0.361	Rep1
MF6	CL11	0.41561157	Rep1
MF6	CL11	0.570247934	Rep1
MF6	CL11	0.719438017	Rep1
MF6	CL14	0.570785124	Rep1
MF6	CL14	0.546016529	Rep1
MF6	CL14	0.323264463	Rep1
MF7	NB	1.251760331	Rep1
MF7	NB	1.297809917	Rep1
MF7	NB	0.545454545	Rep1
MF7	NB	1.115975207	Rep1
MF7	CL11	3.124363636	Rep1
MF7	CL11	4.19477686	Rep1
MF7	CL11	3.818264463	Rep1
MF7	CL14	5.518404959	Rep1
MF7	CL14	2.52807438	Rep1
MF7	CL14	5.53092562	Rep1
MF7	CL14	2.826553719	Rep1
MF7	CL14	5.082644628	Rep1
MF7	CL14	3.175099174	Rep1
MF7	CL14	5.603528926	Rep1
MF107	NB	3.47107438	Rep1
MF107	NB	1.194206612	Rep1
MF107	NB	2.543520661	Rep1
MF107	NB	2.414132231	Rep1
MF107	CL11	5.182355372	Rep1
MF107	CL14	1.993363636	Rep1
MF107	CL14	1.704082645	Rep1
MF107	CL14	1.319884298	Rep1
MF107	CL14	2.018033058	Rep1
MF231	NB	0.645107438	Rep1
MF231	NB	0.79377686	Rep1
MF231	NB	0.496487603	Rep1
MF231	NB	0.67353719	Rep1
MF231	CL11	0.661363636	Rep1
MF231	CL11	0.199033058	Rep1
MF231	CL11	1.305892562	Rep1
MF231	CL11	0.214876033	Rep1
MF231	CL11	0.56222314	Rep1
MF231	CL14	5.33707438	Rep1
MF231	CL14	6.763479339	Rep1
CL28	NB	0.870950413	Rep1
CL28	NB	0.578809917	Rep1
CL28	NB	0.768991736	Rep1
CL28	NB	0.794933884	Rep1
CL28	NB	0.252842975	Rep1
CL28	NB	0.83638843	Rep1
CL28	NB	1.084413223	Rep1
CL28	CL11	0.715578512	Rep1
CL28	CL11	1.32546281	Rep1
CL28	CL11	0.917355372	Rep1
CL28	CL11	1.140495868	Rep1
CL28	CL11	0.898057851	Rep1
CL28	CL11	0.922702479	Rep1
CL28	CL14	5.966	Rep1
CL28	CL14	7.603950413	Rep1
CL28	CL14	7.339512397	Rep1
CL28	CL14	6.420123967	Rep1
CL28	CL14	7.240876033	Rep1
MF131	NB	1.153628099	Rep1
MF131	NB	1.439942149	Rep1
MF131	NB	2.108752066	Rep1
MF131	CL11	1.735710744	Rep1
MF131	CL11	1.165289256	Rep1
MF131	CL11	1.388429752	Rep1
MF131	CL14	3.31622314	Rep1
MF131	CL14	4.168760331	Rep1
MF131	CL14	6.181909091	Rep1
MF131	CL14	6.298066116	Rep1
CL28	NB	1.656933884	Rep2
CL28	NB	1.361809917	Rep2
CL28	NB	1.144801653	Rep2
CL28	NB	1.302016529	Rep2
CL28	NB	1.490909091	Rep2
CL28	NB	1.751206612	Rep2
CL28	NB	1.700553719	Rep2
CL28	NB	1.864256198	Rep2
CL28	NB	1.589876033	Rep2
CL28	NB	1.630008264	Rep2
CL28	NB	1.209041322	Rep2
CL28	NB	1.835380165	Rep2
CL28	NB	1.625247934	Rep2
CL28	NB	2.366826446	Rep2
CL28	NB	1.28853719	Rep2
CL28	NB	1.812636364	Rep2
CL28	NB	1.599123967	Rep2
CL28	NB	1.761024793	Rep2
CL28	NB	1.390421488	Rep2
CL28	NB	1.483669421	Rep2
CL28	NB	1.239669421	Rep2
CL28	NB	1.309363636	Rep2
CL28	NB	1.439297521	Rep2
CL28	NB	1.36453719	Rep2
CL28	NB	1.636553719	Rep2
CL28	NB	1.476198347	Rep2
CL28	NB	1.764694215	Rep2
CL28	NB	1.686132231	Rep2
CL28	NB	1.534702479	Rep2
CL28	NB	1.532561983	Rep2
CL28	NB	1.927586777	Rep2
CL28	NB	2.370619835	Rep2
CL28	NB	1.090909091	Rep2
CL28	NB	1.984644628	Rep2
CL28	NB	0.570669421	Rep2
CL28	NB	1.207628099	Rep2
CL28	NB	1.122264463	Rep2
CL28	NB	1.383107438	Rep2
CL28	NB	1.849247934	Rep2
CL28	NB	1.655867769	Rep2
CL28	NB	1.984024793	Rep2
CL28	NB	1.642446281	Rep2
CL28	NB	1.990347107	Rep2
CL28	NB	1.554512397	Rep2
CL28	NB	1.744404959	Rep2
CL28	NB	1.530157025	Rep2
CL28	NB	1.324892562	Rep2
CL28	NB	1.526396694	Rep2
CL52	NB	1.865446281	Rep2
CL52	NB	2.279107438	Rep2
CL52	NB	2.26638843	Rep2
CL52	NB	2.807239669	Rep2
CL52	NB	2.637553719	Rep2
CL52	NB	2.546363636	Rep2
CL52	NB	2.13453719	Rep2
CL52	NB	2.33268595	Rep2
CL52	NB	2.404958678	Rep2
CL52	NB	2.218975207	Rep2
CL72	NB	0.760512397	Rep2
CL72	NB	0.945768595	Rep2
CL72	NB	1.03553719	Rep2
CL72	NB	0.843619835	Rep2
CL72	NB	1.139661157	Rep2
CL72	NB	1.182710744	Rep2
CL72	NB	0.742512397	Rep2
CL72	NB	0.617570248	Rep2
CL72	NB	0.758355372	Rep2
CL72	NB	1.008396694	Rep2
CL91	NB	0.862041322	Rep2
CL91	NB	0.907735537	Rep2
CL91	NB	0.993115702	Rep2
CL91	NB	1.094413223	Rep2
CL91	NB	1.03553719	Rep2
CL91	NB	1.074380165	Rep2
CL91	NB	1.587123967	Rep2
CL91	NB	0.83007438	Rep2
CL91	NB	1.074504132	Rep2
CL91	NB	0.674247934	Rep2
CL130	NB	1.173553719	Rep2
CL130	NB	1.76085124	Rep2
CL130	NB	1.945644628	Rep2
CL130	NB	2.099239669	Rep2
CL130	NB	2.001090909	Rep2
CL130	NB	2.462421488	Rep2
CL130	NB	1.343016529	Rep2
CL130	NB	2.148760331	Rep2
CL130	NB	1.81253719	Rep2
CL130	NB	2.115768595	Rep2
MF6	NB	1.197404959	Rep2
MF6	NB	1.372793388	Rep2
MF6	NB	0.700479339	Rep2
MF6	NB	0.630049587	Rep2
MF6	NB	1.180983471	Rep2
MF6	NB	0.61246281	Rep2
MF6	NB	1.131355372	Rep2
MF6	NB	0.731950413	Rep2
MF6	NB	0.28292562	Rep2
MF6	NB	0.630049587	Rep2
MF7	NB	0.498338843	Rep2
MF7	NB	0.498338843	Rep2
MF7	NB	0.768991736	Rep2
MF7	NB	1.300884298	Rep2
MF7	NB	0.421487603	Rep2
MF7	NB	0.463181818	Rep2
MF7	NB	0.969801653	Rep2
MF7	NB	0.644628099	Rep2
MF7	NB	0.685752066	Rep2
MF7	NB	0.758528926	Rep2
MF10	NB	2.008876033	Rep2
MF10	NB	2.038495868	Rep2
MF10	NB	1.462809917	Rep2
MF10	NB	1.32546281	Rep2
MF10	NB	1.661900826	Rep2
MF10	NB	1.153628099	Rep2
MF10	NB	1.744190083	Rep2
MF10	NB	1.542181818	Rep2
MF10	NB	1.612330579	Rep2
MF10	NB	1.125578512	Rep2
MF26	NB	1.556884298	Rep2
MF26	NB	1.599471074	Rep2
MF26	NB	1.769826446	Rep2
MF26	NB	0.97014876	Rep2
MF26	NB	1.570859504	Rep2
MF26	NB	1.374983471	Rep2
MF26	NB	1.249768595	Rep2
MF26	NB	1.326024793	Rep2
MF26	NB	1.146710744	Rep2
MF26	NB	1.339247934	Rep2
MF31	NB	2.17592562	Rep2
MF31	NB	1.405834711	Rep2
MF31	NB	1.615528926	Rep2
MF31	NB	1.244834711	Rep2
MF31	NB	1.703198347	Rep2
MF31	NB	1.650413223	Rep2
MF31	NB	1.426190083	Rep2
MF31	NB	1.636446281	Rep2
MF31	NB	1.155727273	Rep2
MF31	NB	1.09253719	Rep2
MF48	NB	1.500768595	Rep2
MF48	NB	1.418892562	Rep2
MF48	NB	0.929305785	Rep2
MF48	NB	1.272834711	Rep2
MF48	NB	1.441429752	Rep2
MF48	NB	1.580735537	Rep2
MF48	NB	1.462132231	Rep2
MF48	NB	1.539413223	Rep2
MF107	NB	0.947355372	Rep2
MF107	NB	1.638049587	Rep2
MF107	NB	0.852041322	Rep2
MF107	NB	0.880429752	Rep2
MF107	NB	1.300884298	Rep2
MF107	NB	1.341826446	Rep2
MF107	NB	1.077586777	Rep2
MF107	NB	1.120099174	Rep2
MF107	NB	0.620330579	Rep2
MF107	NB	0.873413223	Rep2
MF131	NB	2.310578512	Rep2
MF131	NB	1.71092562	Rep2
MF131	NB	1.764694215	Rep2
MF131	NB	2.780842975	Rep2
MF131	NB	1.865446281	Rep2
MF131	NB	2.108752066	Rep2
MF131	NB	1.715231405	Rep2
MF131	NB	2.429371901	Rep2
MF131	NB	1.636553719	Rep2
MF224	NB	2.256330579	Rep2
MF224	NB	2.16214876	Rep2
MF224	NB	2.119214876	Rep2
MF224	NB	2.057256198	Rep2
MF224	NB	1.838892562	Rep2
MF224	NB	1.90053719	Rep2
MF224	NB	2.12992562	Rep2
MF224	NB	1.787876033	Rep2
MF224	NB	2.107438017	Rep2
MF231	NB	2.348578512	Rep2
MF231	NB	1.566892562	Rep2
MF231	NB	0.917694215	Rep2
MF231	NB	1.473066116	Rep2
MF231	NB	1.500768595	Rep2
MF231	NB	2.030181818	Rep2
MF231	NB	0.918694215	Rep2
MF231	NB	1.536793388	Rep2
MF231	NB	1.273181818	Rep2
MF231	NB	1.294256198	Rep2
MF254	NB	0.872280992	Rep2
MF254	NB	0.403520661	Rep2
MF254	NB	1.316206612	Rep2
MF254	NB	1.323239669	Rep2
MF254	NB	0.710933884	Rep2
MF254	NB	0.740115702	Rep2
MF254	NB	1.582727273	Rep2
MF254	NB	0.986206612	Rep2
MF254	NB	0.97014876	Rep2
MF3	NB	2.678719008	Rep2
MF3	NB	2.543586777	Rep2
MF3	NB	2.598578512	Rep2
MF3	NB	2.333876033	Rep2
MF3	NB	1.809917355	Rep2
MF3	NB	1.842900826	Rep2
MF3	NB	2.555644628	Rep2
MF3	NB	3.052107438	Rep2
MF3	NB	2.938826446	Rep2
MF491	NB	1.593735537	Rep2
MF491	NB	2.136520661	Rep2
MF491	NB	1.901975207	Rep2
MF491	NB	1.322727273	Rep2
MF491	NB	1.379942149	Rep2
MF491	NB	1.847247934	Rep2
MF491	NB	1.482264463	Rep2
MF491	NB	3.388793388	Rep2
MF491	NB	2.01761157	Rep2
CL28	CL11	2.133528926	Rep2
CL28	CL11	1.911661157	Rep2
CL28	CL11	1.785809917	Rep2
CL28	CL11	2.207165289	Rep2
CL28	CL11	1.819231405	Rep2
CL28	CL11	2.107438017	Rep2
CL28	CL11	1.812636364	Rep2
CL28	CL11	1.842900826	Rep2
CL28	CL11	2.185338843	Rep2
CL28	CL11	2.085008264	Rep2
CL52	CL11	6.468917355	Rep2
CL52	CL11	5.193165289	Rep2
CL52	CL11	6.07761157	Rep2
CL52	CL11	6.861438017	Rep2
CL52	CL11	7.217297521	Rep2
CL52	CL11	7.001421488	Rep2
CL52	CL11	6.561487603	Rep2
CL52	CL11	5.082371901	Rep2
CL52	CL11	6.672958678	Rep2
CL72	CL11	4.89992562	Rep2
CL72	CL11	4.899702479	Rep2
CL72	CL11	5.495016529	Rep2
CL72	CL11	4.226561983	Rep2
CL72	CL11	3.903768595	Rep2
CL72	CL11	4.807900826	Rep2
CL72	CL11	4.92861157	Rep2
CL72	CL11	3.838735537	Rep2
CL72	CL11	4.949107438	Rep2
CL72	CL11	5.389669421	Rep2
CL91	CL11	4.523157025	Rep2
CL91	CL11	3.676710744	Rep2
CL91	CL11	5.252900826	Rep2
CL91	CL11	5.051826446	Rep2
CL91	CL11	4.902380165	Rep2
CL91	CL11	5.120363636	Rep2
CL91	CL11	5.676958678	Rep2
CL130	CL11	7.363264463	Rep2
CL130	CL11	6.333239669	Rep2
CL130	CL11	6.157801653	Rep2
CL130	CL11	5.727752066	Rep2
CL130	CL11	6.396743802	Rep2
CL130	CL11	6.613652893	Rep2
CL130	CL11	4.512669421	Rep2
CL130	CL11	5.159942149	Rep2
MF6	CL11	0.972016529	Rep2
MF6	CL11	0.595553719	Rep2
MF6	CL11	0.520661157	Rep2
MF6	CL11	0.838958678	Rep2
MF6	CL11	0.487115702	Rep2
MF6	CL11	1.33907438	Rep2
MF6	CL11	1.958834711	Rep2
MF6	CL11	1.366338843	Rep2
MF6	CL11	0.646528926	Rep2
MF6	CL11	0.79377686	Rep2
MF7	CL11	0.848785124	Rep2
MF7	CL11	0.94214876	Rep2
MF7	CL11	1.051892562	Rep2
MF7	CL11	0.974859504	Rep2
MF7	CL11	0.925694215	Rep2
MF7	CL11	1.226710744	Rep2
MF7	CL11	0.743801653	Rep2
MF7	CL11	2.098669421	Rep2
MF7	CL11	0.992975207	Rep2
MF7	CL11	1.538991736	Rep2
MF10	CL11	6.541181818	Rep2
MF10	CL11	6.442561983	Rep2
MF10	CL11	5.62307438	Rep2
MF10	CL11	6.869958678	Rep2
MF10	CL11	6.590842975	Rep2
MF10	CL11	6.31161157	Rep2
MF10	CL11	6.984570248	Rep2
MF10	CL11	6.82831405	Rep2
MF10	CL11	6.949628099	Rep2
MF10	CL11	6.602909091	Rep2
MF26	CL11	2.734479339	Rep2
MF26	CL11	1.785123967	Rep2
MF26	CL11	1.799016529	Rep2
MF26	CL11	2.31907438	Rep2
MF26	CL11	1.79353719	Rep2
MF26	CL11	2.188710744	Rep2
MF26	CL11	1.314983471	Rep2
MF26	CL11	1.739958678	Rep2
MF31	CL11	2.231545455	Rep2
MF31	CL11	1.89746281	Rep2
MF31	CL11	2.086330579	Rep2
MF31	CL11	2.291347107	Rep2
MF31	CL11	2.36838843	Rep2
MF31	CL11	1.863628099	Rep2
MF31	CL11	2.094561983	Rep2
MF31	CL11	2.40814876	Rep2
MF31	CL11	1.903933884	Rep2
MF31	CL11	1.842900826	Rep2
MF31	CL11	1.76085124	Rep2
MF48	CL11	5.011272727	Rep2
MF48	CL11	5.219876033	Rep2
MF48	CL11	6.075644628	Rep2
MF48	CL11	5.983892562	Rep2
MF48	CL11	6.024793388	Rep2
MF48	CL11	6.185090909	Rep2
MF48	CL11	5.29238843	Rep2
MF48	CL11	5.394768595	Rep2
MF48	CL11	4.818090909	Rep2
MF107	CL11	3.248785124	Rep2
MF107	CL11	2.149603306	Rep2
MF107	CL11	3.299760331	Rep2
MF107	CL11	2.689140496	Rep2
MF107	CL11	2.674471074	Rep2
MF107	CL11	2.437454545	Rep2
MF107	CL11	3.026421488	Rep2
MF107	CL11	2.780842975	Rep2
MF107	CL11	3.175099174	Rep2
MF107	CL11	3.441636364	Rep2
MF131	CL11	4.109421488	Rep2
MF131	CL11	3.024793388	Rep2
MF131	CL11	3.570595041	Rep2
MF131	CL11	3.303479339	Rep2
MF131	CL11	2.61685124	Rep2
MF131	CL11	4.109421488	Rep2
MF131	CL11	3.527727273	Rep2
MF131	CL11	4.073669421	Rep2
MF131	CL11	3.623991736	Rep2
MF131	CL11	3.373355372	Rep2
MF224	CL11	6.26385124	Rep2
MF224	CL11	4.973157025	Rep2
MF224	CL11	5.260933884	Rep2
MF224	CL11	5.312793388	Rep2
MF224	CL11	4.513008264	Rep2
MF224	CL11	4.035842975	Rep2
MF224	CL11	4.265619835	Rep2
MF224	CL11	4.934884298	Rep2
MF224	CL11	3.993661157	Rep2
MF224	CL11	4.720520661	Rep2
MF231	CL11	1.933884298	Rep2
MF231	CL11	1.984867769	Rep2
MF231	CL11	2.508545455	Rep2
MF231	CL11	1.612330579	Rep2
MF231	CL11	2.208842975	Rep2
MF231	CL11	2.16214876	Rep2
MF231	CL11	1.713793388	Rep2
MF231	CL11	2.048123967	Rep2
MF231	CL11	2.430892562	Rep2
MF231	CL11	2.25114876	Rep2
MF254	CL11	1.054355372	Rep2
MF254	CL11	1.519404959	Rep2
MF254	CL11	1.144322314	Rep2
MF254	CL11	1.17646281	Rep2
MF254	CL11	1.143487603	Rep2
MF254	CL11	1.964438017	Rep2
MF254	CL11	1.357892562	Rep2
MF254	CL11	0.998595041	Rep2
MF254	CL11	1.566330579	Rep2
MF254	CL11	1.773528926	Rep2
MF3	CL11	5.351561983	Rep2
MF3	CL11	5.077694215	Rep2
MF3	CL11	5.34768595	Rep2
MF3	CL11	5.783743802	Rep2
MF3	CL11	5.925719008	Rep2
MF3	CL11	5.489859504	Rep2
MF3	CL11	4.978735537	Rep2
MF3	CL11	4.947834711	Rep2
MF3	CL11	5.098528926	Rep2
MF3	CL11	4.876495868	Rep2
MF491	CL11	3.560595041	Rep2
MF491	CL11	4.775289256	Rep2
MF491	CL11	3.401305785	Rep2
MF491	CL11	5.40614876	Rep2
MF491	CL11	5.767966942	Rep2
MF491	CL11	6.138553719	Rep2
MF491	CL11	4.077966942	Rep2
MF491	CL11	5.785421488	Rep2
MF491	CL11	4.821983471	Rep2
MF491	CL11	4.727677686	Rep2
CL28	CL14	6.697884298	Rep2
CL28	CL14	6.821661157	Rep2
CL28	CL14	7.490429752	Rep2
CL28	CL14	6.83977686	Rep2
CL28	CL14	6.489454545	Rep2
CL28	CL14	6.779438017	Rep2
CL28	CL14	6.132049587	Rep2
CL28	CL14	6.786471074	Rep2
CL28	CL14	6.237016529	Rep2
CL28	CL14	6.402157025	Rep2
CL28	CL14	6.36846281	Rep2
CL28	CL14	7.108132231	Rep2
CL28	CL14	7.074553719	Rep2
CL28	CL14	7.32238843	Rep2
CL28	CL14	6.99368595	Rep2
CL28	CL14	7.112991736	Rep2
CL28	CL14	6.746719008	Rep2
CL28	CL14	6.958694215	Rep2
CL28	CL14	6.861495868	Rep2
CL28	CL14	6.86338843	Rep2
CL28	CL14	5.713652893	Rep2
CL28	CL14	5.867652893	Rep2
CL28	CL14	6.197710744	Rep2
CL28	CL14	6.776553719	Rep2
CL28	CL14	5.603504132	Rep2
CL28	CL14	7.745504132	Rep2
CL28	CL14	7.122487603	Rep2
CL28	CL14	6.020454545	Rep2
CL28	CL14	5.821024793	Rep2
CL28	CL14	7.327702479	Rep2
CL28	CL14	6.149561983	Rep2
CL28	CL14	6.116793388	Rep2
CL28	CL14	6.496900826	Rep2
CL28	CL14	7.013256198	Rep2
CL28	CL14	6.28153719	Rep2
CL28	CL14	6.74461157	Rep2
CL28	CL14	7.129504132	Rep2
CL28	CL14	7.208504132	Rep2
CL28	CL14	6.881768595	Rep2
CL28	CL14	6.918892562	Rep2
CL28	CL14	6.858628099	Rep2
CL28	CL14	7.25777686	Rep2
CL28	CL14	7.690289256	Rep2
CL28	CL14	6.769842975	Rep2
CL28	CL14	6.926586777	Rep2
CL28	CL14	5.908694215	Rep2
CL28	CL14	7.016520661	Rep2
CL28	CL14	5.971041322	Rep2
CL52	CL14	7.707396694	Rep2
CL52	CL14	7.704008264	Rep2
CL52	CL14	7.115834711	Rep2
CL52	CL14	7.306099174	Rep2
CL52	CL14	7.609991736	Rep2
CL52	CL14	7.468082645	Rep2
CL52	CL14	7.565231405	Rep2
CL52	CL14	7.994471074	Rep2
CL52	CL14	7.534008264	Rep2
CL52	CL14	6.901297521	Rep2
CL72	CL14	8.013479339	Rep2
CL72	CL14	8.31077686	Rep2
CL72	CL14	8.054454545	Rep2
CL72	CL14	7.864661157	Rep2
CL72	CL14	7.994471074	Rep2
CL72	CL14	7.81385124	Rep2
CL72	CL14	7.450446281	Rep2
CL72	CL14	7.598479339	Rep2
CL72	CL14	7.764173554	Rep2
CL72	CL14	6.074123967	Rep2
CL91	CL14	7.201917355	Rep2
CL91	CL14	6.273561983	Rep2
CL91	CL14	6.187677686	Rep2
CL91	CL14	5.684231405	Rep2
CL91	CL14	6.23438843	Rep2
CL91	CL14	5.53892562	Rep2
CL91	CL14	5.888363636	Rep2
CL91	CL14	3.739198347	Rep2
CL130	CL14	4.202380165	Rep2
CL130	CL14	3.889355372	Rep2
CL130	CL14	3.249140496	Rep2
CL130	CL14	4.363760331	Rep2
CL130	CL14	4.019280992	Rep2
CL130	CL14	4.508553719	Rep2
CL130	CL14	4.583760331	Rep2
CL130	CL14	4.401942149	Rep2
CL130	CL14	4.872785124	Rep2
CL130	CL14	4.961429752	Rep2
MF6	CL14	0.963793388	Rep2
MF6	CL14	0.727272727	Rep2
MF6	CL14	0.463107438	Rep2
MF6	CL14	0.497239669	Rep2
MF6	CL14	1.060041322	Rep2
MF6	CL14	1.217876033	Rep2
MF6	CL14	0.697553719	Rep2
MF6	CL14	0.889652893	Rep2
MF6	CL14	0.915082645	Rep2
MF7	CL14	0.572396694	Rep2
MF7	CL14	0.654561983	Rep2
MF7	CL14	1.120099174	Rep2
MF7	CL14	0.676727273	Rep2
MF7	CL14	1.251512397	Rep2
MF7	CL14	0.879380165	Rep2
MF7	CL14	0.922702479	Rep2
MF7	CL14	1.046033058	Rep2
MF7	CL14	0.530603306	Rep2
MF7	CL14	1.105743802	Rep2
MF10	CL14	4.092107438	Rep2
MF10	CL14	4.229140496	Rep2
MF10	CL14	3.644966942	Rep2
MF10	CL14	4.047479339	Rep2
MF10	CL14	3.718181818	Rep2
MF10	CL14	4.547471074	Rep2
MF10	CL14	3.758876033	Rep2
MF10	CL14	4.520628099	Rep2
MF10	CL14	4.392909091	Rep2
MF10	CL14	4.568719008	Rep2
MF26	CL14	4.109644628	Rep2
MF26	CL14	3.695603306	Rep2
MF26	CL14	4.056669421	Rep2
MF26	CL14	3.691214876	Rep2
MF26	CL14	4.040834711	Rep2
MF26	CL14	3.989528926	Rep2
MF26	CL14	3.612512397	Rep2
MF26	CL14	3.64238843	Rep2
MF31	CL14	4.39792562	Rep2
MF31	CL14	4.27553719	Rep2
MF31	CL14	4.407504132	Rep2
MF31	CL14	3.572694215	Rep2
MF31	CL14	4.011157025	Rep2
MF31	CL14	4.594140496	Rep2
MF31	CL14	4.825603306	Rep2
MF31	CL14	5.533008264	Rep2
MF31	CL14	5.04738843	Rep2
MF48	CL14	3.356719008	Rep2
MF48	CL14	3.891181818	Rep2
MF48	CL14	3.852123967	Rep2
MF48	CL14	3.173942149	Rep2
MF48	CL14	3.332826446	Rep2
MF48	CL14	3.664991736	Rep2
MF48	CL14	3.299867769	Rep2
MF48	CL14	3.265619835	Rep2
MF48	CL14	3.662454545	Rep2
MF48	CL14	3.854115702	Rep2
MF107	CL14	3.401305785	Rep2
MF107	CL14	3.143190083	Rep2
MF107	CL14	3.397512397	Rep2
MF107	CL14	3.365057851	Rep2
MF107	CL14	3.176842975	Rep2
MF107	CL14	3.152272727	Rep2
MF107	CL14	2.776966942	Rep2
MF107	CL14	2.932338843	Rep2
MF107	CL14	3.022966942	Rep2
MF131	CL14	4.562256198	Rep2
MF131	CL14	4.384016529	Rep2
MF131	CL14	3.778454545	Rep2
MF131	CL14	4.885305785	Rep2
MF131	CL14	3.868082645	Rep2
MF131	CL14	4.317826446	Rep2
MF131	CL14	5.023033058	Rep2
MF131	CL14	4.214876033	Rep2
MF131	CL14	5.028107438	Rep2
MF224	CL14	5.868231405	Rep2
MF224	CL14	4.931644628	Rep2
MF224	CL14	6.695363636	Rep2
MF224	CL14	6.771504132	Rep2
MF224	CL14	6.781702479	Rep2
MF224	CL14	6.991909091	Rep2
MF224	CL14	6.693710744	Rep2
MF224	CL14	6.73914876	Rep2
MF224	CL14	6.942322314	Rep2
MF224	CL14	7.37431405	Rep2
MF231	CL14	5.903636364	Rep2
MF231	CL14	6.007272727	Rep2
MF231	CL14	6.89492562	Rep2
MF231	CL14	6.448619835	Rep2
MF231	CL14	6.335669421	Rep2
MF231	CL14	6.559008264	Rep2
MF231	CL14	6.735090909	Rep2
MF231	CL14	7.136446281	Rep2
MF231	CL14	6.744942149	Rep2
MF254	CL14	6.285884298	Rep2
MF254	CL14	6.450429752	Rep2
MF254	CL14	5.517247934	Rep2
MF254	CL14	6.78622314	Rep2
MF254	CL14	6.757479339	Rep2
MF254	CL14	7.111380165	Rep2
MF254	CL14	7.30153719	Rep2
MF254	CL14	8.039198347	Rep2
MF254	CL14	6.04346281	Rep2
MF3	CL14	4.157165289	Rep2
MF3	CL14	3.829752066	Rep2
MF3	CL14	4.028826446	Rep2
MF3	CL14	3.322404959	Rep2
MF3	CL14	3.35453719	Rep2
MF3	CL14	3.630090909	Rep2
MF3	CL14	3.374181818	Rep2
MF3	CL14	4.157165289	Rep2
MF3	CL14	4.081355372	Rep2
MF3	CL14	3.844256198	Rep2
MF491	CL14	5.092735537	Rep2
MF491	CL14	7.68431405	Rep2
MF491	CL14	3.96738843	Rep2
MF491	CL14	4.323190083	Rep2
MF491	CL14	4.951206612	Rep2
MF491	CL14	5.759016529	Rep2
MF491	CL14	5.771528926	Rep2
MF491	CL14	5.171438017	Rep2
MF491	CL14	7.747272727	Rep2
CL28	MF160	7.157099174	Rep2
CL28	MF160	7.061157025	Rep2
CL28	MF160	5.963619835	Rep2
CL28	MF160	7.157710744	Rep2
CL28	MF160	6.516190083	Rep2
CL28	MF160	7.062801653	Rep2
CL28	MF160	6.754512397	Rep2
CL28	MF160	7.190157025	Rep2
CL28	MF160	7.019892562	Rep2
CL28	MF160	6.710338843	Rep2
CL28	MF160	5.90677686	Rep2
CL52	MF160	6.806454545	Rep2
CL52	MF160	7.904892562	Rep2
CL52	MF160	6.871396694	Rep2
CL52	MF160	7.498107438	Rep2
CL52	MF160	6.671677686	Rep2
CL52	MF160	7.243917355	Rep2
CL52	MF160	7.131966942	Rep2
CL52	MF160	7.22322314	Rep2
CL52	MF160	7.642157025	Rep2
CL52	MF160	7.537190083	Rep2
CL72	MF160	6.261743802	Rep2
CL72	MF160	7.04838843	Rep2
CL72	MF160	7.069636364	Rep2
CL72	MF160	6.562380165	Rep2
CL72	MF160	6.687826446	Rep2
CL72	MF160	6.705958678	Rep2
CL72	MF160	6.570247934	Rep2
CL72	MF160	6.570669421	Rep2
CL72	MF160	6.786735537	Rep2
CL72	MF160	7.446107438	Rep2
CL91	MF160	7.031190083	Rep2
CL91	MF160	7.480214876	Rep2
CL91	MF160	7.398652893	Rep2
CL91	MF160	5.802132231	Rep2
CL91	MF160	6.476008264	Rep2
CL91	MF160	5.543140496	Rep2
CL91	MF160	5.233520661	Rep2
CL91	MF160	6.868173554	Rep2
CL91	MF160	6.223933884	Rep2
CL91	MF160	6.599702479	Rep2
CL130	MF160	5.191239669	Rep2
CL130	MF160	5.554115702	Rep2
CL130	MF160	4.840264463	Rep2
CL130	MF160	4.764578512	Rep2
CL130	MF160	5.285247934	Rep2
CL130	MF160	5.27953719	Rep2
CL130	MF160	4.807165289	Rep2
CL130	MF160	5.25692562	Rep2
MF6	MF160	0.750380165	Rep2
MF6	MF160	0.710743802	Rep2
MF6	MF160	0.859661157	Rep2
MF6	MF160	0.926206612	Rep2
MF6	MF160	0.682710744	Rep2
MF6	MF160	1.022256198	Rep2
MF6	MF160	1.152413223	Rep2
MF7	MF160	0.678495868	Rep2
MF7	MF160	0.847016529	Rep2
MF7	MF160	0.697355372	Rep2
MF7	MF160	0.628099174	Rep2
MF7	MF160	0.99668595	Rep2
MF7	MF160	0.813958678	Rep2
MF7	MF160	1.051892562	Rep2
MF7	MF160	0.664454545	Rep2
MF7	MF160	1.448991736	Rep2
MF7	MF160	0.615132231	Rep2
MF10	MF160	5.696628099	Rep2
MF10	MF160	6.057190083	Rep2
MF10	MF160	6.385752066	Rep2
MF10	MF160	6.73068595	Rep2
MF10	MF160	6.176	Rep2
MF10	MF160	6.666404959	Rep2
MF10	MF160	6.149115702	Rep2
MF10	MF160	6.681694215	Rep2
MF10	MF160	5.725454545	Rep2
MF10	MF160	5.921256198	Rep2
MF26	MF160	6.446471074	Rep2
MF26	MF160	6.450140496	Rep2
MF26	MF160	6.697933884	Rep2
MF26	MF160	6.57814876	Rep2
MF26	MF160	6.251082645	Rep2
MF26	MF160	6.825793388	Rep2
MF26	MF160	6.81331405	Rep2
MF26	MF160	6.593454545	Rep2
MF26	MF160	6.323528926	Rep2
MF26	MF160	6.702933884	Rep2
MF31	MF160	6.253884298	Rep2
MF31	MF160	6.99446281	Rep2
MF31	MF160	7.565272727	Rep2
MF31	MF160	6.620991736	Rep2
MF31	MF160	7.292669421	Rep2
MF31	MF160	7.122438017	Rep2
MF31	MF160	7.267173554	Rep2
MF31	MF160	6.719421488	Rep2
MF31	MF160	7.339512397	Rep2
MF31	MF160	7.210743802	Rep2
MF48	MF160	2.196702479	Rep2
MF48	MF160	3.14914876	Rep2
MF48	MF160	2.478966942	Rep2
MF48	MF160	2.316553719	Rep2
MF48	MF160	2.943322314	Rep2
MF48	MF160	2.181958678	Rep2
MF48	MF160	2.839570248	Rep2
MF48	MF160	2.776966942	Rep2
MF48	MF160	2.962991736	Rep2
MF48	MF160	2.852966942	Rep2
MF107	MF160	2.817404959	Rep2
MF107	MF160	3.349404959	Rep2
MF107	MF160	1.928471074	Rep2
MF107	MF160	4.457983471	Rep2
MF107	MF160	3.436636364	Rep2
MF107	MF160	3.917669421	Rep2
MF107	MF160	3.201421488	Rep2
MF107	MF160	3.001636364	Rep2
MF107	MF160	3.797355372	Rep2
MF107	MF160	4.006801653	Rep2
MF131	MF160	7.338214876	Rep2
MF131	MF160	7.292669421	Rep2
MF131	MF160	8.020231405	Rep2
MF131	MF160	7.597140496	Rep2
MF131	MF160	7.912669421	Rep2
MF131	MF160	7.270553719	Rep2
MF131	MF160	7.314049587	Rep2
MF131	MF160	7.02138843	Rep2
MF131	MF160	7.446107438	Rep2
MF131	MF160	7.042024793	Rep2
MF224	MF160	6.748355372	Rep2
MF224	MF160	6.502677686	Rep2
MF224	MF160	6.669049587	Rep2
MF224	MF160	6.651289256	Rep2
MF224	MF160	6.705958678	Rep2
MF224	MF160	6.398421488	Rep2
MF224	MF160	6.877834711	Rep2
MF224	MF160	7.212661157	Rep2
MF224	MF160	7.147768595	Rep2
MF231	MF160	6.746033058	Rep2
MF231	MF160	7.317454545	Rep2
MF231	MF160	7.077933884	Rep2
MF231	MF160	7.141570248	Rep2
MF231	MF160	8.129247934	Rep2
MF231	MF160	7.128173554	Rep2
MF231	MF160	6.884396694	Rep2
MF231	MF160	7.700256198	Rep2
MF254	MF160	6.404396694	Rep2
MF254	MF160	7.501892562	Rep2
MF254	MF160	6.579842975	Rep2
MF254	MF160	6.876049587	Rep2
MF254	MF160	6.463338843	Rep2
MF254	MF160	6.871942149	Rep2
MF254	MF160	6.965033058	Rep2
MF254	MF160	7.058338843	Rep2
MF254	MF160	7.574867769	Rep2
MF254	MF160	6.875099174	Rep2
MF3	MF160	4.780322314	Rep2
MF3	MF160	4.268338843	Rep2
MF3	MF160	4.961876033	Rep2
MF3	MF160	4.184140496	Rep2
MF3	MF160	4.106661157	Rep2
MF3	MF160	3.639404959	Rep2
MF3	MF160	4.467214876	Rep2
MF3	MF160	4.54977686	Rep2
MF3	MF160	4.373454545	Rep2
MF3	MF160	4.859619835	Rep2
MF491	MF160	3.816	Rep2
MF491	MF160	3.758214876	Rep2
MF491	MF160	6.651818182	Rep2
MF491	MF160	6.661809917	Rep2
MF491	MF160	4.155206612	Rep2
MF491	MF160	3.986900826	Rep2
MF491	MF160	4.08385124	Rep2
MF491	MF160	6.166090909	Rep2
MF491	MF160	6.214570248	Rep2
