Strain	Length	Experiment
MF455	5.454644628	duo1
MF455	5.283983471	duo1
MF455	5.094157025	duo1
MF455	5.531561983	duo1
MF455	5.459099174	duo1
MF455	4.993487603	duo1
MF455	5.391495868	duo1
MF455	5.196	duo1
MF455	4.898842975	duo1
MF455	5.082157025	duo1
CL144	6.356958678	duo1
CL144	6.65368595	duo1
CL144	7.356041322	duo1
CL144	6.536471074	duo1
CL144	6.117933884	duo1
CL144	6.944983471	duo1
CL144	5.863322314	duo1
CL144	5.93446281	duo1
CL144	5.061735537	duo1
CL144	4.760446281	duo1
CL21	5.176297521	duo1
CL21	5.900297521	duo1
CL21	5.955966942	duo1
CL21	5.650495868	duo1
CL21	5.990859504	duo1
CL21	5.81014876	duo1
CL21	5.693371901	duo1
CL21	6.014214876	duo1
CL21	5.66153719	duo1
CL21	5.348429752	duo1
CL71	5.445247934	duo1
CL71	2.40238843	duo1
CL71	3.100090909	duo1
CL71	3.371942149	duo1
CL71	5.229958678	duo1
CL71	2.343727273	duo1
CL71	4.236371901	duo1
CL71	4.774198347	duo1
CL71	4.532570248	duo1
CL71	2.347338843	duo1
MF220A	5.720181818	duo1
MF220A	6.260867769	duo1
MF220A	3.858719008	duo1
MF220A	3.235363636	duo1
MF220A	5.241338843	duo1
MF220A	4.99307438	duo1
MF220A	5.794561983	duo1
MF220A	5.182421488	duo1
MF220A	5.531561983	duo1
MF220A	5.627702479	duo1
MF397	2.23361157	duo1
MF397	2.351644628	duo1
MF397	4.74253719	duo1
MF397	5.107545455	duo1
MF397	4.052322314	duo1
MF397	3.85038843	duo1
MF397	5.206504132	duo1
MF397	4.695644628	duo1
MF397	4.341950413	duo1
MF364	5.806950413	duo1
MF364	6.07907438	duo1
MF364	6.074826446	duo1
MF364	5.457752066	duo1
MF364	4.959669421	duo1
MF364	5.046066116	duo1
MF364	5.42685124	duo1
MF364	5.917355372	duo1
MF364	5.998198347	duo1
MF364	5.844066116	duo1
MF349	5.314016529	duo1
MF349	4.515421488	duo1
MF349	5.342834711	duo1
MF349	4.119719008	duo1
MF349	5.047413223	duo1
MF349	5.24061157	duo1
MF349	5.256305785	duo1
MF349	5.404760331	duo1
MF349	5.504231405	duo1
MF278	6.066206612	duo1
MF278	5.235785124	duo1
MF278	5.912669421	duo1
MF278	6.400305785	duo1
MF278	5.810214876	duo1
MF278	4.605760331	duo1
MF278	6.052066116	duo1
MF278	6.116504132	duo1
MF278	4.561983471	duo1
MF278	3.840479339	duo1
MF110	5.93961157	duo1
MF110	5.93961157	duo1
MF110	6.402049587	duo1
MF110	6.114991736	duo1
MF110	6.758710744	duo1
MF110	5.894528926	duo1
MF110	6.059983471	duo1
MF110	5.453669421	duo1
MF110	6.268735537	duo1
MF110	5.839297521	duo1
MF377	6.258264463	duo1
MF377	5.722446281	duo1
MF377	6.345214876	duo1
MF377	5.392710744	duo1
MF377	3.997024793	duo1
MF377	5.425115702	duo1
MF377	5.972438017	duo1
MF377	5.439247934	duo1
MF377	4.514454545	duo1
MF377	5.068991736	duo1
MF160	5.517247934	duo1
MF160	5.760801653	duo1
MF160	5.235107438	duo1
MF160	4.945024793	duo1
MF160	5.074619835	duo1
MF160	4.808438017	duo1
MF160	4.377702479	duo1
MF160	4.244586777	duo1
MF160	3.41653719	duo1
CL14	5.823487603	duo1
CL14	5.902586777	duo1
CL14	5.86022314	duo1
CL14	6.062421488	duo1
CL14	6.007528926	duo1
CL14	4.783057851	duo1
CL14	5.714057851	duo1
CL14	5.79677686	duo1
CL14	5.547049587	duo1
CL14	5.616190083	duo1
MF247	2.059165289	duo1
MF247	5.643363636	duo1
MF247	5.673181818	duo1
MF247	5.390404959	duo1
MF247	5.22222314	duo1
MF247	4.547380165	duo1
MF247	3.391454545	duo1
MF350	4.055652893	duo1
MF350	5.920677686	duo1
MF350	4.66153719	duo1
MF350	4.424380165	duo1
MF350	6.530115702	duo1
MF350	6.26814876	duo1
MF350	5.180305785	duo1
MF350	6.408644628	duo1
MF350	5.109016529	duo1
MF350	4.380942149	duo1
MF4	5.893066116	duo1
MF4	5.724380165	duo1
MF4	5.637239669	duo1
MF4	5.521057851	duo1
MF4	6.001842975	duo1
MF4	3.471115702	duo1
MF4	5.173553719	duo1
MF4	5.127190083	duo1
MF4	5.188743802	duo1
MF4	3.868371901	duo1
CL11	4.611363636	duo1
CL11	3.107438017	duo1
CL11	5.332570248	duo1
CL11	0.926206612	duo1
CL11	5.72053719	duo1
CL11	5.403008264	duo1
CL11	5.207842975	duo1
CL11	5.371900826	duo1
CL11	2.07146281	duo1
CL11	4.645066116	duo1
MF384	5.923264463	duo1
MF384	5.935933884	duo1
MF384	5.24061157	duo1
MF384	5.972438017	duo1
MF384	5.965909091	duo1
MF384	5.795528926	duo1
MF384	5.868140496	duo1
MF384	5.077636364	duo1
MF384	3.615570248	duo1
MF384	5.388528926	duo1
MF45	3.241735537	duo1
MF45	2.921090909	duo1
MF45	3.787719008	duo1
MF45	3.572123967	duo1
MF45	3.338884298	duo1
MF45	2.664438017	duo1
MF45	3.265619835	duo1
MF45	2.645917355	duo1
MF107	1.621942149	duo1
MF107	1.794355372	duo1
MF107	1.870396694	duo1
MF107	1.839471074	duo1
MF107	1.595363636	duo1
MF107	1.617553719	duo1
MF107	2.376603306	duo1
CL28	2.501595041	duo1
CL28	1.190132231	duo1
CL28	1.240099174	duo1
CL28	1.816842975	duo1
CL28	1.864900826	duo1
CL28	1.784338843	duo1
CL28	1.790859504	duo1
CL28	1.541793388	duo1
CL28	1.616867769	duo1
MF224	1.564322314	duo1
MF224	1.111867769	duo1
MF224	1.68853719	duo1
MF224	1.673429752	duo1
MF224	1.071834711	duo1
MF224	0.954966942	duo1
MF224	1.14753719	duo1
MF224	1.05707438	duo1
MF48	0.298553719	duo1
MF48	1.017735537	duo1
MF48	1.264702479	duo1
MF48	1.427289256	duo1
MF48	0.517702479	duo1
MF48	0.156809917	duo1
MF48	0.223140496	duo1
MF48	0.457165289	duo1
MF48	0.298553719	duo1
CL58	0.926206612	duo1
CL58	1.589702479	duo1
CL58	0.761942149	duo1
CL58	1.388826446	duo1
CL58	1.537280992	duo1
CL58	1.372	duo1
CL58	0.850876033	duo1
CL58	1.190082645	duo1
CL58	0.832371901	duo1
MF51	0.730272727	duo1
MF51	1.535413223	duo1
MF51	1.560826446	duo1
MF51	1.087644628	duo1
MF51	0.727272727	duo1
MF51	0.597107438	duo1
MF51	0.806024793	duo1
MF254	1.523892562	duo1
MF254	1.171570248	duo1
MF254	1.145272727	duo1
MF254	1.330652893	duo1
MF254	1.361809917	duo1
MF254	0.784033058	duo1
MF254	1.853082645	duo1
MF254	1.792	duo1
MF366	0.991735537	duo1
MF6	0.669371901	duo1
MF6	0.641867769	duo1
MF6	0.694214876	duo1
MF6	0.661983471	duo1
MF6	0.609553719	duo1
MF6	0.297520661	duo1
MF6	0.495867769	duo1
MF6	0.297520661	duo1
MF6	0.773867769	duo1
MF6	0.727272727	duo1
MF3	2.136520661	duo1
MF3	3.104272727	duo1
MF3	3.471702479	duo1
MF3	3.358586777	duo1
MF3	3.609214876	duo1
MF3	4.264595041	duo1
MF3	3.209338843	duo1
MF3	2.482859504	duo1
MF131	3.051198347	duo1
MF131	2.454421488	duo1
MF131	2.038041322	duo1
MF131	1.907644628	duo1
MF131	2.516380165	duo1
MF131	1.968694215	duo1
MF131	2.211619835	duo1
MF131	2.943322314	duo1
MF131	2.702933884	duo1
MF131	4.723512397	duo1
MF162	2.814892562	duo1
MF162	2.072735537	duo1
MF162	2.058446281	duo1
MF162	1.785297521	duo1
MF162	1.786669421	duo1
MF162	1.984090909	duo1
MF162	1.983628099	duo1
MF162	2.727272727	duo1
CL33	3.899421488	duo1
CL33	4.354892562	duo1
CL33	4.577115702	duo1
CL33	4.189132231	duo1
CL33	3.471429752	duo1
CL33	3.899421488	duo1
CL33	4.791545455	duo1
CL33	4.190157025	duo1
CL33	3.422297521	duo1
CL33	4.13477686	duo1
MF384	4.066115702	duo1
MF384	1.983471074	duo1
MF384	3.405727273	duo1
MF384	3.721983471	duo1
MF384	4.137231405	duo1
MF384	3.844975207	duo1
MF384	4.291834711	duo1
MF384	4.695909091	duo1
MF384	3.49622314	duo1
MF36	1.402528926	duo1
MF36	2.731438017	duo1
MF36	2.482438017	duo1
CL32	2.23146281	duo1
CL32	2.363867769	duo1
CL32	2.315528926	duo1
CL32	3.032413223	duo1
CL32	3.214950413	duo1
CL32	3.603305785	duo1
CL32	2.747834711	duo1
CL32	2.79431405	duo1
CL32	4.14414876	duo1
CL32	4.186520661	duo1
CL69	0.399785124	duo1
CL69	1.769289256	duo1
CL69	0.483876033	duo1
CL69	0.479338843	duo1
CL69	0.45114876	duo1
CL69	0.564165289	duo1
CL69	0.414545455	duo1
CL69	2.130181818	duo1
CL69	2.076603306	duo1
CL69	2.237520661	duo1
MF35	3.024892562	duo1
MF35	2.16853719	duo1
MF35	2.752181818	duo1
MF35	2.553842975	duo1
MF35	2.553842975	duo1
MF35	2.433545455	duo1
MF35	2.207165289	duo1
MF35	2.231404959	duo1
MF35	3.310917355	duo1
MF26	1.659677686	duo1
MF26	1.464702479	duo1
MF26	1.265438017	duo1
MF26	1.463652893	duo1
MF26	0.867768595	duo1
MF26	1.051892562	duo1
MF26	1.144801653	duo1
MF26	1.561198347	duo1
MF26	1.613289256	duo1
MF26	2.182380165	duo1
MF48	1.293066116	duo1
MF48	0.463991736	duo1
MF48	0.413553719	duo1
MF48	0.414545455	duo1
MF48	0.606181818	duo1
MF48	1.210677686	duo1
MF302	3.198446281	duo1
MF302	2.927297521	duo1
MF302	3.374181818	duo1
MF302	3.099272727	duo1
MF302	2.653008264	duo1
MF302	3.024892562	duo1
MF302	3.297892562	duo1
MF302	2.932338843	duo1
MF23	2.281528926	duo1
MF23	3.535380165	duo1
MF23	2.231958678	duo1
MF23	2.622123967	duo1
MF23	2.885958678	duo1
MF23	2.226991736	duo1
MF23	2.31907438	duo1
MF23	1.985950413	duo1
MF23	2.702595041	duo1
MF23	2.458049587	duo1
MF305	2.082793388	duo1
MF305	2.826553719	duo1
MF305	3.065165289	duo1
MF305	2.085008264	duo1
MF305	2.529049587	duo1
MF305	3.520752066	duo1
CL41	4.414966942	duo1
CL41	4.266264463	duo1
CL41	3.943396694	duo1
CL41	4.066421488	duo1
CL41	3.871661157	duo1
CL41	4.239669421	duo1
CL41	4.616966942	duo1
MF303	4.413347107	duo1
MF303	3.867909091	duo1
MF303	2.195859504	duo1
MF303	3.659768595	duo1
MF303	4.183909091	duo1
MF303	3.786099174	duo1
MF303	4.240173554	duo1
MF303	2.862561983	duo1
MF303	2.800421488	duo1
MF49	3.287264463	duo1
MF49	4.337768595	duo1
MF49	3.26361157	duo1
MF49	1.459231405	duo1
MF49	1.824553719	duo1
MF49	2.317826446	duo1
MF49	2.345305785	duo1
MF49	2.851661157	duo1
MF49	2.62814876	duo1
CL9	5.40677686	duo1
CL9	4.87614876	duo1
CL9	4.519206612	duo1
CL9	5.592272727	duo1
CL9	4.550528926	duo1
CL9	4.09053719	duo1
MF215	4.049619835	duo1
MF215	4.383933884	duo1
MF215	5.372	duo1
MF215	3.424041322	duo1
MF215	5.110669421	duo1
MF215	5.474090909	duo1
MF215	4.860206612	duo1
MF215	5.357008264	duo1
MF215	4.711471074	duo1
CL63	3.885173554	duo1
CL63	4.102702479	duo1
CL63	3.900024793	duo1
CL63	3.441983471	duo1
CL63	3.673586777	duo1
CL63	4.07353719	duo1
CL63	4.679322314	duo1
CL63	5.124636364	duo1
CL63	5.054099174	duo1
CL63	5.383107438	duo1
MF42	5.512165289	duo1
MF42	5.738801653	duo1
MF42	5.854289256	duo1
MF42	5.028107438	duo1
MF42	4.946082645	duo1
MF42	4.509735537	duo1
MF42	4.680966942	duo1
MF42	5.058396694	duo1
MF42	4.804033058	duo1
MF327	4.760586777	duo1
MF327	5.628099174	duo1
MF327	5.19514876	duo1
MF327	5.378280992	duo1
MF327	5.355429752	duo1
MF327	4.647553719	duo1
MF327	4.742024793	duo1
MF327	5.060041322	duo1
MF327	5.479561983	duo1
MF31	1.769826446	duo1
MF31	1.217876033	duo1
MF31	1.358694215	duo1
MF31	1.388826446	duo1
MF31	1.549933884	duo1
MF31	1.537280992	duo1
MF31	2.07561157	duo1
MF31	1.721867769	duo1
MF31	1.323239669	duo1
MF31	1.471909091	duo1
MF161	1.688867769	duo1
MF161	1.933884298	duo1
MF161	1.738371901	duo1
MF161	1.636553719	duo1
MF161	1.53738843	duo1
MF161	1.845404959	duo1
MF161	1.860165289	duo1
MF161	1.651504132	duo1
MF161	1.983628099	duo1
MF161	3.017264463	duo1
MF231	1.859669421	duo1
MF231	1.733586777	duo1
MF231	1.610041322	duo1
MF231	1.251760331	duo1
MF231	2.572066116	duo1
MF231	2.207867769	duo1
MF231	1.495024793	duo1
MF231	1.872842975	duo1
MF231	1.809743802	duo1
MF231	1.934520661	duo1
MF376	1.051892562	duo1
MF376	1.304892562	duo1
MF376	1.643107438	duo1
MF376	1.637115702	duo1
MF376	1.090909091	duo1
MF376	1.565132231	duo1
MF376	2.702933884	duo1
MF376	3.191520661	duo1
MF376	3.72107438	duo1
MF366	0.966942149	duo1
MF366	0.550504132	duo1
MF366	0.126421488	duo1
MF366	0.559363636	duo1
MF366	1.093438017	duo1
MF366	0.950272727	duo1
MF366	0.978322314	duo1
MF366	0.599669421	duo1
MF366	0.545454545	duo1
MF7	0.778528926	duo1
MF7	0.843338843	duo1
MF7	0.559363636	duo1
MF7	0.546016529	duo1
MF7	0.570247934	duo1
MF57	6.64668595	duo1
MF57	5.345363636	duo1
MF57	5.986760331	duo1
MF57	5.860570248	duo1
MF57	5.592933884	duo1
MF57	5.246628099	duo1
MF57	5.29431405	duo1
MF57	5.72368595	duo1
MF57	5.822785124	duo1
MF50	1.186867769	duo1
MF50	1.02692562	duo1
MF50	1.587123967	duo1
MF50	1.990347107	duo1
MF50	1.89153719	duo1
MF50	1.588157025	duo1
MF50	1.985950413	duo1
MF50	1.686272727	duo1
MF105	5.679041322	duo1
MF105	5.826661157	duo1
MF105	6.519528926	duo1
MF105	6.552214876	duo1
MF105	5.802553719	duo1
MF105	6.071950413	duo1
MF105	6.203305785	duo1
MF105	6.115479339	duo1
MF10	2.516305785	duo2
MF10	1.423884298	duo2
MF10	2.595247934	duo2
MF10	2.212280992	duo2
MF10	1.702561983	duo2
CL33	3.918057851	duo2
CL33	6.27292562	duo2
CL33	5.638793388	duo2
CL33	3.967247934	duo2
MF3	2.743454545	duo2
MF3	2.852966942	duo2
MF3	3.50631405	duo2
MF3	2.826446281	duo2
MF3	2.877743802	duo2
MF23	2.886702479	duo2
MF23	3.762231405	duo2
MF23	4.07977686	duo2
MF31	1.561983471	duo2
MF31	0.925694215	duo2
MF31	0.867768595	duo2
MF31	1.011371901	duo2
CL52	2.238247934	duo2
CL52	1.268942149	duo2
CL52	1.577140496	duo2
CL52	1.955884298	duo2
CL52	2.602041322	duo2
CL72	1.369256198	duo2
MF224	4.208818182	duo2
MF224	3.600512397	duo2
MF224	4.293842975	duo2
MF224	4.786727273	duo2
CL69	6.736793388	duo2
CL69	6.120487603	duo2
CL69	6.830140496	duo2
MF36	3.183008264	duo2
MF36	3.311107438	duo2
MF36	4.626082645	duo2
MF36	1.506933884	duo2
MF491	1.479727273	duo2
MF491	0.768595041	duo2
MF491	1.125578512	duo2
MF491	1.190082645	duo2
MF491	1.367239669	duo2
CL41	4.96638843	duo2
CL41	7.042561983	duo2
CL41	5.058826446	duo2
MF26	0.661570248	duo2
MF26	1.02692562	duo2
MF26	0.561256198	duo2
MF48	2.803404959	duo2
MF48	1.561983471	duo2
MF48	2.654743802	duo2
MF57	5.989157025	duo2
MF57	4.78268595	duo2
MF57	4.630049587	duo2
MF57	4.224231405	duo2
MF57	3.785264463	duo2
MF57	5.434099174	duo2
MF50	5.246421488	duo2
MF50	4.630793388	duo2
MF50	4.995545455	duo2
MF50	4.985016529	duo2
MF50	5.289363636	duo2
CL58	1.616330579	duo2
CL58	1.587553719	duo2
CL58	1.966355372	duo2
CL58	1.700652893	duo2
CL58	3.619661157	duo2
CL91	0.523016529	duo2
CL91	1.191115702	duo2
CL91	0.523016529	duo2
CL91	0.32231405	duo2
CL91	1.342512397	duo2
MF254	1.133198347	duo2
MF389	2.015752066	duo2
MF389	2.572429752	duo2
MF389	0.966942149	duo2
MF42	6.050041322	duo2
MF42	4.240322314	duo2
MF42	4.487876033	duo2
MF42	4.959231405	duo2
MF42	3.173652893	duo2
MF42	5.315561983	duo2
MF42	5.116099174	duo2
MF42	1.983628099	duo2
MF106	2.669983471	duo2
MF106	1.756834711	duo2
MF106	1.332859504	duo2
MF106	1.342049587	duo2
MF106	1.984710744	duo2
MF106	2.69438843	duo2
MF106	2.776528926	duo2
MF376	5.600504132	duo2
MF376	5.143958678	duo2
MF376	2.35746281	duo2
MF376	4.369966942	duo2
CL130	0.624280992	duo2
CL130	0.570247934	duo2
CL130	1.26931405	duo2
CL130	0.743801653	duo2
MF6	0.28268595	duo2
MF6	0.719008264	duo2
MF6	0.354983471	duo2
MF7	1.251760331	duo2
MF7	1.297809917	duo2
MF7	0.545454545	duo2
MF7	1.115975207	duo2
MF161	3.162785124	duo2
MF161	2.785809917	duo2
MF161	2.568239669	duo2
MF161	2.72907438	duo2
MF161	2.831768595	duo2
MF161	2.75307438	duo2
MF107	3.47107438	duo2
MF107	1.194206612	duo2
MF107	2.543520661	duo2
MF107	2.414132231	duo2
MF302	3.746752066	duo2
MF302	5.022049587	duo2
MF302	3.421842975	duo2
MF302	3.527727273	duo2
MF302	6.124165289	duo2
MF302	5.21138843	duo2
MF231	0.645107438	duo2
MF231	0.79377686	duo2
MF231	0.496487603	duo2
MF231	0.67353719	duo2
CL28	0.870950413	duo2
CL28	0.578809917	duo2
CL28	0.768991736	duo2
CL28	0.794933884	duo2
CL28	0.252842975	duo2
CL28	0.83638843	duo2
CL28	1.084413223	duo2
MF131	1.153628099	duo2
MF131	1.439942149	duo2
MF131	2.108752066	duo2
NB	6.025	duo2
NB	6.77	duo2
CL58	4.835280992	tir
CL58	3.223140496	tir
CL58	2.023512397	tir
CL58	1.81822314	tir
CL58	2.530867769	tir
MF42	5.060553719	tir
MF42	4.274826446	tir
MF42	6.413305785	tir
MF42	5.549190083	tir
MF305	3.636363636	tir
MF305	5.246628099	tir
MF305	2.744595041	tir
MF305	3.603305785	tir
MF305	4.974520661	tir
MF107	1.223586777	tir
MF107	1.062487603	tir
MF107	1.35577686	tir
MF107	1.000512397	tir
MF107	0.859504132	tir
MF302	5.869512397	tir
MF302	5.239438017	tir
MF302	4.483818182	tir
MF302	6.30677686	tir
MF302	5.822785124	tir
MF302	6.616859504	tir
MF106	1.719520661	tir
MF106	1.685950413	tir
MF106	2.86414876	tir
MF106	2.268157025	tir
MF106	2.584347107	tir
MF389	6.047247934	tir
MF389	4.713090909	tir
MF389	6.322512397	tir
MF389	4.93892562	tir
MF389	5.183950413	tir
CL69	5.513033058	tir
CL69	5.259942149	tir
CL69	5.881049587	tir
CL69	5.470049587	tir
CL69	5.26907438	tir
MF161	1.059917355	tir
MF161	1.076289256	tir
MF161	0.661157025	tir
MF161	0.926206612	tir
MF161	0.495867769	tir
MF376	0.978983471	tir
MF376	0.728024793	tir
MF376	2.366578512	tir
MF376	1.124454545	tir
MF376	1.124454545	tir
MF303	3.024793388	tir
MF303	3.776743802	tir
MF303	5.017090909	tir
MF303	3.173652893	tir
MF303	3.723057851	tir
MF57	6.712049587	tir
MF57	6.597752066	tir
MF57	6.232520661	tir
MF57	5.917727273	tir
MF57	6.076264463	tir
MF3	1.304421488	tir
MF3	2.082644628	tir
MF3	2.086834711	tir
MF3	1.752066116	tir
MF3	1.819380165	tir
MF6	2.018966942	tir
MF6	1.874991736	tir
MF6	1.965760331	tir
MF6	1.556181818	tir
MF6	1.037512397	tir
CL28	1.96492562	tir
CL28	1.847991736	tir
CL28	1.754867769	tir
CL28	1.620173554	tir
CL28	1.239115702	tir
MF224	3.997966942	tir
MF224	4.091206612	tir
MF224	3.501487603	tir
MF224	4.408628099	tir
MF224	4.659900826	tir
MF48	1.637115702	tir
MF48	2.245140496	tir
MF48	0.694661157	tir
MF48	0.754057851	tir
MF48	1.140768595	tir
NB	5.37177686	tir
NB	5.704752066	tir
NB	5.686818182	tir
NB	6.126768595	tir
NB	5.73361157	tir
CL11	5.721900826	mono2
CL11	6.296396694	mono2
CL11	6.359495868	mono2
CL11	6.387702479	mono2
CL11	6.395206612	mono2
CL11	6.590429752	mono2
CL11	6.702933884	mono2
CL11	6.727603306	mono2
CL11	6.731115702	mono2
CL14	5.295404959	mono2
CL14	5.449355372	mono2
CL14	5.504016529	mono2
CL14	5.760876033	mono2
CL14	5.769355372	mono2
CL14	5.837355372	mono2
CL14	6.113917355	mono2
CL14	6.156057851	mono2
CL14	6.177190083	mono2
CL14	6.242818182	mono2
CL144	5.678553719	mono2
CL144	5.835669421	mono2
CL144	5.91414876	mono2
CL144	5.98261157	mono2
CL144	6.013099174	mono2
CL144	6.064661157	mono2
CL144	6.197603306	mono2
CL144	6.200132231	mono2
CL144	6.471834711	mono2
CL144	6.498	mono2
CL21	6.351950413	mono2
CL21	6.584826446	mono2
CL21	6.69714876	mono2
CL21	6.746719008	mono2
CL21	6.767867769	mono2
CL21	6.908644628	mono2
CL21	6.992834711	mono2
CL21	7.239710744	mono2
CL21	7.266157025	mono2
CL21	7.314090909	mono2
CL58	0.79338843	mono2
CL58	0.893942149	mono2
CL58	1.289495868	mono2
CL58	1.328933884	mono2
CL58	1.340909091	mono2
CL58	1.383107438	mono2
CL58	1.470355372	mono2
CL58	1.58153719	mono2
CL58	1.605644628	mono2
CL58	1.606033058	mono2
CL69	0.743801653	mono2
CL69	1.374636364	mono2
CL69	1.416702479	mono2
CL69	1.512396694	mono2
CL69	1.562181818	mono2
CL69	1.569049587	mono2
CL69	1.58677686	mono2
CL69	1.587553719	mono2
CL69	1.712	mono2
CL69	2.254561983	mono2
CL71	5.528983471	mono2
CL71	5.902702479	mono2
CL71	6.034528926	mono2
CL71	6.050041322	mono2
CL71	6.096652893	mono2
CL71	6.112057851	mono2
CL71	6.148958678	mono2
CL71	6.177586777	mono2
CL71	6.275123967	mono2
CL71	6.40361157	mono2
MF110	4.514099174	mono2
MF110	6.131190083	mono2
MF110	6.65853719	mono2
MF110	6.681619835	mono2
MF110	6.719421488	mono2
MF110	6.725181818	mono2
MF110	6.75546281	mono2
MF110	6.952099174	mono2
MF110	7.243107438	mono2
MF110	7.521595041	mono2
MF113	2.132809917	mono2
MF113	2.330578512	mono2
MF113	2.727727273	mono2
MF113	3.057735537	mono2
MF113	3.074380165	mono2
MF113	3.226570248	mono2
MF113	3.392347107	mono2
MF113	3.405727273	mono2
MF113	4.077966942	mono2
MF113	4.529801653	mono2
MF160	5.520247934	mono2
MF160	6.719057851	mono2
MF160	6.744528926	mono2
MF160	6.794520661	mono2
MF160	6.839966942	mono2
MF160	6.844099174	mono2
MF160	6.84585124	mono2
MF160	6.885644628	mono2
MF160	6.886	mono2
MF160	7.077239669	mono2
MF220A	4.626545455	mono2
MF220A	5.807421488	mono2
MF220A	6.073619835	mono2
MF220A	6.085752066	mono2
MF220A	6.20077686	mono2
MF220A	6.226297521	mono2
MF220A	6.300644628	mono2
MF220A	6.329115702	mono2
MF220A	6.42431405	mono2
MF220A	6.627305785	mono2
MF278	6.73914876	mono2
MF278	7.011975207	mono2
MF278	7.141181818	mono2
MF278	7.210958678	mono2
MF278	7.225942149	mono2
MF278	7.276677686	mono2
MF278	7.312702479	mono2
MF278	7.395958678	mono2
MF278	7.581140496	mono2
MF295	6.439793388	mono2
MF295	6.967115702	mono2
MF295	7.266876033	mono2
MF295	7.405545455	mono2
MF295	7.463181818	mono2
MF295	7.534909091	mono2
MF295	7.62814876	mono2
MF295	7.686107438	mono2
MF295	7.847413223	mono2
MF295	8.129247934	mono2
MF3	0.646528926	mono2
MF3	0.709975207	mono2
MF3	0.79338843	mono2
MF3	1.79353719	mono2
MF3	2.289603306	mono2
MF3	3.37353719	mono2
MF3	3.982793388	mono2
MF349	6.245033058	mono2
MF349	6.893677686	mono2
MF349	6.928900826	mono2
MF349	7.178363636	mono2
MF349	7.21185124	mono2
MF349	7.318082645	mono2
MF349	7.349892562	mono2
MF349	7.604785124	mono2
MF349	7.614520661	mono2
MF349	7.77185124	mono2
MF35	1.314983471	mono2
MF35	2.489363636	mono2
MF35	4.09931405	mono2
MF35	4.192719008	mono2
MF35	4.307561983	mono2
MF35	4.596413223	mono2
MF35	4.598090909	mono2
MF35	4.760330579	mono2
MF35	5.172256198	mono2
MF350	3.506752066	mono2
MF350	3.83977686	mono2
MF350	5.410413223	mono2
MF350	6.62892562	mono2
MF350	6.707652893	mono2
MF350	7.058280992	mono2
MF350	7.163404959	mono2
MF350	7.171809917	mono2
MF350	7.344867769	mono2
MF36	1.070719008	mono2
MF36	1.765214876	mono2
MF36	1.838892562	mono2
MF36	2.525644628	mono2
MF36	2.709752066	mono2
MF36	2.833396694	mono2
MF36	2.954157025	mono2
MF369	5.391347107	mono2
MF369	5.967950413	mono2
MF369	6.021322314	mono2
MF369	6.067545455	mono2
MF369	6.170768595	mono2
MF369	6.294297521	mono2
MF369	6.347297521	mono2
MF369	6.422586777	mono2
MF369	6.599371901	mono2
MF369	6.744214876	mono2
MF375	5.679471074	mono2
MF375	6.545644628	mono2
MF375	6.571793388	mono2
MF375	6.602909091	mono2
MF375	6.844504132	mono2
MF375	6.896842975	mono2
MF375	6.925570248	mono2
MF375	6.94577686	mono2
MF375	7.053231405	mono2
MF375	7.349768595	mono2
MF376	1.011644628	mono2
MF376	1.070429752	mono2
MF376	1.260107438	mono2
MF376	1.282991736	mono2
MF376	1.310066116	mono2
MF376	1.453421488	mono2
MF376	1.47107438	mono2
MF376	1.706404959	mono2
MF376	2.274578512	mono2
MF376	2.932338843	mono2
MF384	6.862132231	mono2
MF384	6.928950413	mono2
MF384	7.104942149	mono2
MF384	7.14877686	mono2
MF384	7.268404959	mono2
MF384	7.305859504	mono2
MF384	7.381694215	mono2
MF384	7.486801653	mono2
MF384	7.489553719	mono2
MF384	7.505842975	mono2
MF397	7.194355372	mono2
MF397	7.412355372	mono2
MF397	7.609991736	mono2
MF397	7.636768595	mono2
MF397	7.638942149	mono2
MF397	7.935785124	mono2
MF397	7.938570248	mono2
MF397	8.110165289	mono2
MF397	8.131099174	mono2
MF397	8.185157025	mono2
MF4	4.333173554	mono2
MF4	5.598363636	mono2
MF4	5.702966942	mono2
MF4	6.020760331	mono2
MF4	6.116785124	mono2
MF4	6.156157025	mono2
MF4	6.230842975	mono2
MF4	6.335909091	mono2
MF4	6.506454545	mono2
MF4	6.541413223	mono2
MF40	4.705520661	mono2
MF40	4.761942149	mono2
MF40	5.158512397	mono2
MF40	5.329256198	mono2
MF40	5.426636364	mono2
MF40	5.437900826	mono2
MF40	5.443264463	mono2
MF45	2.721628099	mono2
MF45	4.420809917	mono2
MF45	5.24461157	mono2
MF45	5.326421488	mono2
MF45	5.520082645	mono2
MF45	5.676818182	mono2
MF45	5.730867769	mono2
MF45	5.894884298	mono2
MF45	5.938884298	mono2
MF455	5.273140496	mono2
MF455	5.532256198	mono2
MF455	5.736702479	mono2
MF455	5.879859504	mono2
MF455	6.327661157	mono2
MF455	6.465363636	mono2
MF455	6.496958678	mono2
MF455	6.535512397	mono2
MF455	6.556628099	mono2
MF455	6.728636364	mono2
MF48	1.622272727	mono2
MF48	1.730198347	mono2
MF48	1.831487603	mono2
MF48	1.840619835	mono2
MF48	1.860694215	mono2
MF48	1.92446281	mono2
MF48	1.975528926	mono2
MF48	1.985553719	mono2
MF48	2.280991736	mono2
MF50	2.152892562	mono2
MF50	2.363710744	mono2
MF50	2.413	mono2
MF50	2.856520661	mono2
MF50	3.217123967	mono2
MF50	3.318429752	mono2
MF50	3.595041322	mono2
MF50	3.598371901	mono2
MF50	3.807867769	mono2
MF50	4.165876033	mono2
MF51	2.035479339	mono2
MF51	2.179842975	mono2
MF51	2.652892562	mono2
MF51	3.199884298	mono2
MF51	4.092785124	mono2
MF51	4.119958678	mono2
MF51	4.786727273	mono2
MF51	5.080710744	mono2
MF51	5.107677686	mono2
MF51	5.176297521	mono2
MF6	0.772181818	mono2
MF6	0.966942149	mono2
MF6	1.637115702	mono2
MF6	1.661157025	mono2
MF6	1.859669421	mono2
MF6	1.867586777	mono2
MF6	2.008264463	mono2
MF6	2.033661157	mono2
MF7	0.79338843	mono2
MF7	0.917355372	mono2
MF7	1.433090909	mono2
MF7	1.488429752	mono2
MF7	1.814157025	mono2
MF7	1.870049587	mono2
MF7	2.157024793	mono2
MF7	2.18477686	mono2
MF7	2.556008264	mono2
CL115	3.704264463	mono2
CL115	3.786900826	mono2
CL115	4.58785124	mono2
CL115	5.025966942	mono2
CL115	6.183305785	mono2
CL115	6.323528926	mono2
CL115	6.397363636	mono2
CL115	6.426272727	mono2
CL115	6.448809917	mono2
CL115	6.563834711	mono2
CL117	5.771322314	mono2
CL117	5.887115702	mono2
CL117	5.956661157	mono2
CL117	6.001280992	mono2
CL117	6.240942149	mono2
CL117	6.297809917	mono2
CL117	6.322512397	mono2
CL117	6.465702479	mono2
CL117	6.994545455	mono2
CL123	4.785702479	mono2
CL123	5.732636364	mono2
CL123	5.978495868	mono2
CL123	6.339842975	mono2
CL123	6.347545455	mono2
CL123	6.401495868	mono2
CL123	6.404809917	mono2
CL123	6.427991736	mono2
CL123	6.541413223	mono2
CL123	6.613099174	mono2
CL13	3.792661157	mono2
CL13	4.115181818	mono2
CL13	4.693884298	mono2
CL13	5.508652893	mono2
CL13	5.865198347	mono2
CL13	5.950669421	mono2
CL13	6.000305785	mono2
CL13	6.108033058	mono2
CL13	6.536479339	mono2
CL13	6.642595041	mono2
CL130	2.231404959	mono2
CL130	2.405082645	mono2
CL130	2.554198347	mono2
CL130	2.581487603	mono2
CL130	2.628099174	mono2
CL130	2.907603306	mono2
CL130	2.917834711	mono2
CL130	3.00092562	mono2
CL130	3.227809917	mono2
CL130	3.362586777	mono2
CL141A	5.237454545	mono2
CL141A	5.433826446	mono2
CL141A	5.53114876	mono2
CL141A	6.632958678	mono2
CL141A	6.803066116	mono2
CL141A	6.946487603	mono2
CL141A	6.954355372	mono2
CL141A	6.994545455	mono2
CL141A	7.035950413	mono2
CL141A	7.346752066	mono2
CL18	5.246363636	mono2
CL18	5.53692562	mono2
CL18	6.232809917	mono2
CL18	6.273165289	mono2
CL18	6.422256198	mono2
CL18	6.455619835	mono2
CL18	6.503859504	mono2
CL18	6.773132231	mono2
CL18	6.883909091	mono2
CL18	6.903966942	mono2
CL18	6.942190083	mono2
CL25	3.277603306	mono2
CL25	5.509099174	mono2
CL25	5.614049587	mono2
CL25	5.754041322	mono2
CL25	6.21438843	mono2
CL25	6.272140496	mono2
CL25	6.296785124	mono2
CL25	6.396694215	mono2
CL4	3.850966942	mono2
CL4	4.361735537	mono2
CL4	5.191239669	mono2
CL4	5.218760331	mono2
CL4	5.269338843	mono2
CL4	5.479338843	mono2
CL4	5.65485124	mono2
CL4	6.25285124	mono2
CL4	6.389289256	mono2
CL52	0.719008264	mono2
CL52	0.992041322	mono2
CL52	1.016528926	mono2
CL52	1.38931405	mono2
CL52	1.45522314	mono2
CL52	1.512603306	mono2
CL52	1.610041322	mono2
CL52	1.702280992	mono2
CL52	1.785123967	mono2
CL52	2.207867769	mono2
CL72	0.570785124	mono2
CL72	0.595041322	mono2
CL72	0.799561983	mono2
CL72	0.867768595	mono2
CL72	1.066115702	mono2
CL72	1.115702479	mono2
CL72	1.199347107	mono2
CL72	1.215884298	mono2
CL72	1.393950413	mono2
CL72	1.416702479	mono2
CL73	5.68114876	mono2
CL73	6.419909091	mono2
CL73	6.694628099	mono2
CL73	6.971355372	mono2
CL73	7.047652893	mono2
CL73	7.058760331	mono2
CL73	7.10822314	mono2
CL73	7.162371901	mono2
CL73	7.371603306	mono2
CL73	7.538206612	mono2
CL81	4.488421488	mono2
CL81	6.495016529	mono2
CL81	6.701049587	mono2
CL81	6.850561983	mono2
CL81	7.472190083	mono2
CL81	7.704363636	mono2
CL81	7.733190083	mono2
CL81	7.859504132	mono2
CL81	7.907578512	mono2
CL81	8.186553719	mono2
CL9	5.604677686	mono2
CL9	5.914041322	mono2
CL9	5.951702479	mono2
CL9	6.111157025	mono2
CL9	6.124768595	mono2
CL9	6.179272727	mono2
CL9	6.338239669	mono2
CL9	6.34885124	mono2
CL9	6.396504132	mono2
CL9	6.46931405	mono2
CL91	0.366066116	mono2
CL91	0.570247934	mono2
CL91	0.743801653	mono2
CL91	0.842975207	mono2
CL91	0.842975207	mono2
CL91	1.190082645	mono2
CL91	1.243628099	mono2
CL91	1.268347107	mono2
CL91	1.396380165	mono2
CL91	1.686132231	mono2
CL96	6.069727273	mono2
CL96	7.716644628	mono2
CL96	8.089256198	mono2
CL96	8.107586777	mono2
CL96	8.190752066	mono2
CL96	8.258396694	mono2
CL96	8.259471074	mono2
CL96	8.358752066	mono2
CL96	8.409198347	mono2
MF103	3.856471074	mono2
MF103	7.186016529	mono2
MF103	7.423661157	mono2
MF103	7.86653719	mono2
MF103	8.028041322	mono2
MF103	8.093628099	mono2
MF103	8.264380165	mono2
MF103	8.27092562	mono2
MF103	8.471214876	mono2
MF103	8.485355372	mono2
MF105	6.220371901	mono2
MF105	6.224322314	mono2
MF105	6.763867769	mono2
MF105	7.36931405	mono2
MF105	7.692347107	mono2
MF105	7.734785124	mono2
MF105	7.820338843	mono2
MF105	7.837884298	mono2
MF105	7.92031405	mono2
MF105	8.152652893	mono2
MF106	0.999454545	mono2
MF106	2.160297521	mono2
MF106	2.307247934	mono2
MF106	2.426330579	mono2
MF106	2.503520661	mono2
MF106	2.686966942	mono2
MF106	2.721628099	mono2
MF106	2.727272727	mono2
MF106	2.820132231	mono2
MF106	2.858132231	mono2
MF107	2.18407438	mono2
MF107	2.31907438	mono2
MF107	3.225520661	mono2
MF107	3.373355372	mono2
MF107	3.376727273	mono2
MF107	3.524239669	mono2
MF107	3.644966942	mono2
MF107	3.74585124	mono2
MF107	3.848090909	mono2
MF107	3.944958678	mono2
MF112	2.469652893	mono2
MF112	7.018677686	mono2
MF112	7.070768595	mono2
MF112	7.243917355	mono2
MF112	7.327652893	mono2
MF112	7.429785124	mono2
MF112	7.470669421	mono2
MF112	7.818256198	mono2
MF112	7.833338843	mono2
MF112	7.863570248	mono2
MF123	4.886561983	mono2
MF123	5.457082645	mono2
MF123	5.553942149	mono2
MF123	5.605115702	mono2
MF123	5.736066116	mono2
MF123	5.817157025	mono2
MF123	5.883975207	mono2
MF123	6.155950413	mono2
MF123	6.322752066	mono2
MF123	6.575157025	mono2
MF125	3.759859504	mono2
MF125	4.34231405	mono2
MF125	4.564404959	mono2
MF125	4.69014876	mono2
MF125	4.716024793	mono2
MF125	4.883231405	mono2
MF125	4.911090909	mono2
MF125	5.082884298	mono2
MF125	5.103165289	mono2
MF125	5.322504132	mono2
MF136	4.502983471	mono2
MF136	4.761363636	mono2
MF136	4.85292562	mono2
MF136	5.237743802	mono2
MF136	5.256727273	mono2
MF136	5.259760331	mono2
MF136	5.355884298	mono2
MF136	5.368785124	mono2
MF136	5.369413223	mono2
MF136	5.558198347	mono2
MF138	4.562049587	mono2
MF138	5.108702479	mono2
MF138	5.281512397	mono2
MF138	5.284719008	mono2
MF138	5.336338843	mono2
MF138	5.338876033	mono2
MF138	5.358181818	mono2
MF138	5.397049587	mono2
MF138	5.486909091	mono2
MF138	5.853809917	mono2
MF140	5.120297521	mono2
MF140	5.455669421	mono2
MF140	5.53114876	mono2
MF140	5.582041322	mono2
MF140	5.640264463	mono2
MF140	5.664892562	mono2
MF140	5.706247934	mono2
MF140	5.933289256	mono2
MF140	6.016983471	mono2
MF140	6.055528926	mono2
MF143	5.714595041	mono2
MF143	5.785363636	mono2
MF143	5.810595041	mono2
MF143	5.816942149	mono2
MF143	5.827768595	mono2
MF143	5.88361157	mono2
MF143	6.024586777	mono2
MF143	6.122809917	mono2
MF143	6.318570248	mono2
MF143	6.623917355	mono2
MF166A	4.687983471	mono2
MF166A	5.99246281	mono2
MF166A	6.140206612	mono2
MF166A	6.199735537	mono2
MF166A	6.25668595	mono2
MF166A	6.325859504	mono2
MF166A	6.332033058	mono2
MF166A	6.346578512	mono2
MF166A	6.395008264	mono2
MF166A	6.554702479	mono2
MF178	4.538272727	mono2
MF178	4.856280992	mono2
MF178	4.997330579	mono2
MF178	5.144132231	mono2
MF178	5.65485124	mono2
MF178	5.905041322	mono2
MF178	6.029892562	mono2
MF178	6.191652893	mono2
MF178	6.252900826	mono2
MF178	6.607239669	mono2
MF181	6.532338843	mono2
MF181	6.568140496	mono2
MF181	6.827958678	mono2
MF181	6.938826446	mono2
MF181	7.016181818	mono2
MF181	7.110520661	mono2
MF181	7.37168595	mono2
MF181	7.387099174	mono2
MF181	7.892909091	mono2
MF196	6.121355372	mono2
MF196	6.399958678	mono2
MF196	6.430719008	mono2
MF196	6.544140496	mono2
MF196	6.611289256	mono2
MF196	6.611289256	mono2
MF196	6.615140496	mono2
MF196	6.67292562	mono2
MF196	6.802479339	mono2
MF196	7.255487603	mono2
MF212	3.903917355	mono2
MF212	4.989570248	mono2
MF212	6.054107438	mono2
MF212	6.296396694	mono2
MF212	6.329115702	mono2
MF212	6.365917355	mono2
MF212	6.506454545	mono2
MF212	6.671677686	mono2
MF212	6.685991736	mono2
MF212	6.69568595	mono2
MF215	3.768677686	mono2
MF215	4.235900826	mono2
MF215	4.24553719	mono2
MF215	4.339694215	mono2
MF215	4.689165289	mono2
MF215	4.76446281	mono2
MF215	4.978719008	mono2
MF215	5.057429752	mono2
MF215	5.505528926	mono2
MF215	5.666793388	mono2
MF217	5.793809917	mono2
MF217	5.96614876	mono2
MF217	6.049438017	mono2
MF217	6.155256198	mono2
MF217	6.185438017	mono2
MF217	6.242867769	mono2
MF217	6.315115702	mono2
MF217	6.447520661	mono2
MF217	6.814933884	mono2
MF217	6.894702479	mono2
MF22	5.421371901	mono2
MF22	5.551115702	mono2
MF22	5.584016529	mono2
MF22	5.771322314	mono2
MF22	5.882355372	mono2
MF22	5.905041322	mono2
MF22	5.963619835	mono2
MF22	6.049586777	mono2
MF22	6.121355372	mono2
MF22	6.269586777	mono2
MF259	4.193677686	mono2
MF259	5.560413223	mono2
MF259	5.68114876	mono2
MF259	5.719966942	mono2
MF259	5.835355372	mono2
MF259	5.863049587	mono2
MF259	5.876867769	mono2
MF259	5.979371901	mono2
MF259	6.081661157	mono2
MF259	6.258991736	mono2
MF27	5.257661157	mono2
MF27	5.286809917	mono2
MF27	5.363628099	mono2
MF27	5.380619835	mono2
MF27	5.55338843	mono2
MF27	5.628975207	mono2
MF27	5.690396694	mono2
MF27	5.699297521	mono2
MF27	5.87661157	mono2
MF27	5.902132231	mono2
MF28	5.331272727	mono2
MF28	5.742760331	mono2
MF28	5.767487603	mono2
MF28	5.962024793	mono2
MF28	6.02561157	mono2
MF28	6.150008264	mono2
MF28	6.299280992	mono2
MF28	6.302396694	mono2
MF28	6.384239669	mono2
MF28	6.422256198	mono2
MF299	5.435413223	mono2
MF299	5.454545455	mono2
MF299	5.649900826	mono2
MF299	5.776909091	mono2
MF299	5.793809917	mono2
MF299	5.828347107	mono2
MF299	5.900876033	mono2
MF299	5.901661157	mono2
MF299	5.983586777	mono2
MF299	6.024842975	mono2
MF303	2.60885124	mono2
MF303	2.850809917	mono2
MF303	3.466289256	mono2
MF303	3.679545455	mono2
MF303	3.778454545	mono2
MF303	3.854471074	mono2
MF303	3.896347107	mono2
MF303	3.945578512	mono2
MF303	4.166471074	mono2
MF303	4.296132231	mono2
MF322	4.638752066	mono2
MF322	4.958735537	mono2
MF322	4.987413223	mono2
MF322	5.013231405	mono2
MF322	5.157975207	mono2
MF322	5.36231405	mono2
MF322	5.363628099	mono2
MF322	5.531652893	mono2
MF322	5.652892562	mono2
MF322	5.878595041	mono2
MF329	3.885603306	mono2
MF329	4.853049587	mono2
MF329	5.058826446	mono2
MF329	5.288033058	mono2
MF329	5.309487603	mono2
MF329	5.315561983	mono2
MF329	5.505024793	mono2
MF329	5.508933884	mono2
MF329	5.603363636	mono2
MF329	5.734991736	mono2
MF331	5.84014876	mono2
MF331	6.174	mono2
MF331	6.207115702	mono2
MF331	6.364561983	mono2
MF331	6.399628099	mono2
MF331	6.455619835	mono2
MF331	6.539297521	mono2
MF331	6.546206612	mono2
MF331	6.611289256	mono2
MF331	7.105157025	mono2
MF332	4.435727273	mono2
MF332	5.403421488	mono2
MF332	5.56968595	mono2
MF332	5.677033058	mono2
MF332	5.988363636	mono2
MF332	6.000049587	mono2
MF332	6.074380165	mono2
MF332	6.075644628	mono2
MF332	6.216818182	mono2
MF332	6.294297521	mono2
MF333	5.845561983	mono2
MF333	6.191504132	mono2
MF333	6.36277686	mono2
MF333	6.458669421	mono2
MF333	6.476958678	mono2
MF333	6.524479339	mono2
MF333	6.725958678	mono2
MF333	6.75477686	mono2
MF333	6.81331405	mono2
MF333	6.842975207	mono2
MF351	4.680173554	mono2
MF351	6.187677686	mono2
MF351	6.19661157	mono2
MF351	6.23222314	mono2
MF351	6.371900826	mono2
MF351	6.593454545	mono2
MF351	6.619652893	mono2
MF351	6.669603306	mono2
MF351	6.892603306	mono2
MF351	6.924859504	mono2
MF366	3.061256198	mono2
MF366	3.209950413	mono2
MF366	3.383636364	mono2
MF366	3.405644628	mono2
MF366	3.416991736	mono2
MF374	5.55377686	mono2
MF374	5.731619835	mono2
MF374	5.804933884	mono2
MF374	5.901297521	mono2
MF374	5.926082645	mono2
MF374	6.239123967	mono2
MF374	6.347297521	mono2
MF374	6.396743802	mono2
MF374	6.49614876	mono2
MF374	6.541413223	mono2
MF41	7.113322314	mono2
MF41	7.154429752	mono2
MF41	7.267553719	mono2
MF41	7.282719008	mono2
MF41	7.37868595	mono2
MF41	7.459181818	mono2
MF41	7.538578512	mono2
MF41	7.798297521	mono2
MF41	7.812082645	mono2
MF41	7.838553719	mono2
MF451	7.167347107	mono2
MF451	7.517471074	mono2
MF451	7.668892562	mono2
MF451	7.736330579	mono2
MF451	7.756049587	mono2
MF451	7.77746281	mono2
MF451	7.910024793	mono2
MF451	7.946429752	mono2
MF451	7.980619835	mono2
MF451	8.512512397	mono2
MF453	6.144008264	mono2
MF453	6.572446281	mono2
MF453	7.108834711	mono2
MF453	7.121917355	mono2
MF453	7.146859504	mono2
MF453	7.303958678	mono2
MF453	7.864661157	mono2
MF453	7.948280992	mono2
MF453	8.116793388	mono2
MF453	8.143867769	mono2
MF491	1.091190083	mono2
MF491	1.290206612	mono2
MF491	1.314983471	mono2
MF491	1.317785124	mono2
MF491	1.338842975	mono2
MF491	1.344570248	mono2
MF491	1.390644628	mono2
MF491	1.517471074	mono2
MF491	1.614619835	mono2
MF491	1.710743802	mono2
MF499	6.42153719	mono2
MF499	6.694396694	mono2
MF499	7.04568595	mono2
MF499	7.07046281	mono2
MF499	7.365140496	mono2
MF499	7.367809917	mono2
MF499	7.41322314	mono2
MF499	7.579884298	mono2
MF5	4.445280992	mono2
MF5	6.904190083	mono2
MF5	7.031190083	mono2
MF5	7.385099174	mono2
MF5	7.454694215	mono2
MF5	7.548677686	mono2
MF5	7.600256198	mono2
MF5	7.653892562	mono2
MF5	7.860752066	mono2
MF5	7.916818182	mono2
MF69	6.767867769	mono2
MF69	7.037173554	mono2
MF69	7.085876033	mono2
MF69	7.143809917	mono2
MF69	7.198454545	mono2
MF69	7.202380165	mono2
MF69	7.233595041	mono2
MF69	7.620446281	mono2
MF69	7.629636364	mono2
MF69	7.688347107	mono2
MF72	6.451330579	mono2
MF72	6.894743802	mono2
MF72	6.992132231	mono2
MF72	7.018107438	mono2
MF72	7.093033058	mono2
MF72	7.220669421	mono2
MF72	7.29077686	mono2
MF72	7.468082645	mono2
MF72	7.573719008	mono2
MF72	7.573719008	mono2
MF79	3.982793388	mono2
MF79	5.868231405	mono2
MF79	5.937280992	mono2
MF79	6.089694215	mono2
MF79	6.101892562	mono2
MF79	6.248033058	mono2
MF79	6.302057851	mono2
MF79	6.458900826	mono2
MF79	6.498371901	mono2
MF79	6.701239669	mono2
MF95	6.239123967	mono2
MF95	6.25314876	mono2
MF95	6.283347107	mono2
MF95	6.321099174	mono2
MF95	6.322702479	mono2
MF95	6.50777686	mono2
MF95	6.536479339	mono2
MF95	6.668495868	mono2
MF95	6.806677686	mono2
MF95	6.807396694	mono2
CL116	6.193438017	mono2
CL116	6.72285124	mono2
CL116	6.750363636	mono2
CL116	6.892966942	mono2
CL116	6.894743802	mono2
CL116	6.961644628	mono2
CL116	7.021826446	mono2
CL116	7.069636364	mono2
CL116	7.19114876	mono2
CL116	7.528743802	mono2
CL125	6.283743802	mono2
CL125	6.823991736	mono2
CL125	6.892743802	mono2
CL125	6.932578512	mono2
CL125	7.093380165	mono2
CL125	7.095239669	mono2
CL125	7.365347107	mono2
CL125	7.38431405	mono2
CL125	7.48846281	mono2
CL126	6.16	mono2
CL126	6.547190083	mono2
CL126	6.656181818	mono2
CL126	6.924991736	mono2
CL126	6.995297521	mono2
CL126	7.00285124	mono2
CL126	7.067330579	mono2
CL126	7.089090909	mono2
CL126	7.097057851	mono2
CL126	7.104983471	mono2
CL129	6.274487603	mono2
CL129	7.283016529	mono2
CL129	7.317702479	mono2
CL129	7.636884298	mono2
CL129	7.658107438	mono2
CL129	7.828586777	mono2
CL129	7.833338843	mono2
CL129	7.978545455	mono2
CL129	8.40492562	mono2
CL136	6.580768595	mono2
CL136	7.154471074	mono2
CL136	7.217644628	mono2
CL136	7.344867769	mono2
CL136	7.40853719	mono2
CL136	7.548966942	mono2
CL136	7.569090909	mono2
CL136	7.63	mono2
CL136	7.704008264	mono2
CL136	7.811768595	mono2
CL143	5.873727273	mono2
CL143	5.99185124	mono2
CL143	6.50561157	mono2
CL143	6.632867769	mono2
CL143	6.731115702	mono2
CL143	6.77222314	mono2
CL143	6.848	mono2
CL143	6.885471074	mono2
CL143	7.170603306	mono2
CL143	7.402438017	mono2
CL19	6.842975207	mono2
CL19	7.035206612	mono2
CL19	7.10822314	mono2
CL19	7.113322314	mono2
CL19	7.142644628	mono2
CL19	7.17253719	mono2
CL19	7.267636364	mono2
CL19	7.442809917	mono2
CL19	7.454694215	mono2
CL19	7.851206612	mono2
CL2	7.147768595	mono2
CL2	7.220669421	mono2
CL2	7.225942149	mono2
CL2	7.36931405	mono2
CL2	7.371809917	mono2
CL2	7.502404959	mono2
CL2	7.507528926	mono2
CL2	7.536578512	mono2
CL2	7.556900826	mono2
CL2	7.811487603	mono2
CL32	2.90177686	mono2
CL32	3.051198347	mono2
CL32	3.337909091	mono2
CL32	3.416991736	mono2
CL32	3.421487603	mono2
CL32	3.504644628	mono2
CL32	3.621958678	mono2
CL32	3.664479339	mono2
CL32	3.820190083	mono2
CL33	3.177041322	mono2
CL33	3.270570248	mono2
CL33	3.29761157	mono2
CL33	3.371900826	mono2
CL33	3.578842975	mono2
CL33	3.63246281	mono2
CL33	3.737553719	mono2
CL33	3.773809917	mono2
CL33	3.879198347	mono2
CL33	3.89761157	mono2
CL41	1.263140496	mono2
CL41	1.35577686	mono2
CL41	1.35577686	mono2
CL41	1.435256198	mono2
CL41	1.484661157	mono2
CL41	1.748322314	mono2
CL41	1.860950413	mono2
CL41	2.221033058	mono2
CL41	2.744595041	mono2
CL41	4.467214876	mono2
MF10	2.050652893	mono2
MF10	2.185818182	mono2
MF10	2.365892562	mono2
MF10	2.678504132	mono2
MF10	2.986933884	mono2
MF10	3.00153719	mono2
MF10	3.242363636	mono2
MF10	3.372545455	mono2
MF10	3.694504132	mono2
MF10	5.725115702	mono2
MF174	6.802479339	mono2
MF174	7.63	mono2
MF174	7.921826446	mono2
MF174	7.997165289	mono2
MF174	8.180950413	mono2
MF174	8.229950413	mono2
MF174	8.262190083	mono2
MF174	8.328958678	mono2
MF174	8.556165289	mono2
MF174	8.694603306	mono2
MF177	4.766785124	mono2
MF177	5.187743802	mono2
MF177	6.202363636	mono2
MF177	6.370504132	mono2
MF177	6.393471074	mono2
MF177	6.514768595	mono2
MF177	7.066809917	mono2
MF177	7.086272727	mono2
MF177	7.33922314	mono2
MF190	5.734991736	mono2
MF190	5.756396694	mono2
MF190	6.045214876	mono2
MF190	6.198545455	mono2
MF190	6.333239669	mono2
MF190	6.396694215	mono2
MF190	6.511181818	mono2
MF190	6.648793388	mono2
MF190	6.80261157	mono2
MF190	6.880694215	mono2
MF2	6.924859504	mono2
MF2	7.123	mono2
MF2	7.302909091	mono2
MF2	7.310396694	mono2
MF2	7.314090909	mono2
MF2	7.391801653	mono2
MF2	7.487644628	mono2
MF2	7.491710744	mono2
MF2	7.530421488	mono2
MF224	0.758528926	mono2
MF224	1.557057851	mono2
MF224	1.836214876	mono2
MF224	2.149603306	mono2
MF224	2.356545455	mono2
MF224	2.702595041	mono2
MF224	2.938826446	mono2
MF224	3.049991736	mono2
MF224	3.226570248	mono2
MF275	4.437950413	mono2
MF275	6.778578512	mono2
MF275	6.845487603	mono2
MF275	6.879619835	mono2
MF275	7.073768595	mono2
MF275	7.107793388	mono2
MF275	7.176603306	mono2
MF275	7.233975207	mono2
MF275	7.504826446	mono2
MF302	2.045264463	mono2
MF302	2.355371901	mono2
MF302	2.482438017	mono2
MF302	2.632305785	mono2
MF302	2.706570248	mono2
MF302	3.097983471	mono2
MF302	3.13192562	mono2
MF302	3.449487603	mono2
MF302	3.476735537	mono2
MF302	3.706173554	mono2
MF305	2.778628099	mono2
MF305	3.322404959	mono2
MF305	3.391619835	mono2
MF305	3.525983471	mono2
MF305	3.797355372	mono2
MF305	3.994504132	mono2
MF305	4.054082645	mono2
MF312a	4.862603306	mono2
MF312a	5.38307438	mono2
MF312a	5.653380165	mono2
MF312a	5.959132231	mono2
MF312a	6.077619835	mono2
MF312a	6.154801653	mono2
MF312a	6.21438843	mono2
MF312a	6.223933884	mono2
MF312a	6.546206612	mono2
MF33	5.563066116	mono2
MF33	5.927487603	mono2
MF33	5.937280992	mono2
MF33	5.977677686	mono2
MF33	6.149206612	mono2
MF33	6.173752066	mono2
MF33	6.294297521	mono2
MF33	6.351950413	mono2
MF345	5.677900826	mono2
MF345	5.703826446	mono2
MF345	5.867661157	mono2
MF345	5.901033058	mono2
MF345	6.006198347	mono2
MF345	6.024842975	mono2
MF345	6.074429752	mono2
MF345	6.081661157	mono2
MF345	6.104661157	mono2
MF345	6.200132231	mono2
MF370	5.074173554	mono2
MF370	6.225710744	mono2
MF370	6.277181818	mono2
MF370	6.429090909	mono2
MF370	6.450280992	mono2
MF370	6.556338843	mono2
MF370	6.705132231	mono2
MF370	6.72892562	mono2
MF378	5.640371901	mono2
MF378	5.656917355	mono2
MF378	6.244785124	mono2
MF378	6.252702479	mono2
MF378	6.481752066	mono2
MF378	6.74753719	mono2
MF378	6.79922314	mono2
MF378	6.801619835	mono2
MF389	0.930917355	mono2
MF389	1.018371901	mono2
MF389	1.090909091	mono2
MF389	1.168768595	mono2
MF389	1.191917355	mono2
MF389	1.296016529	mono2
MF389	1.402528926	mono2
MF42	3.146752066	mono2
MF42	3.280900826	mono2
MF42	3.539661157	mono2
MF42	3.722793388	mono2
MF42	4.074710744	mono2
MF42	4.253173554	mono2
MF57	2.702264463	mono2
MF57	3.043661157	mono2
MF57	3.190727273	mono2
MF57	3.528371901	mono2
MF57	3.818859504	mono2
MF57	3.903066116	mono2
MF57	3.973826446	mono2
MF57	4.002181818	mono2
MF57	4.175900826	mono2
MF8	5.798710744	mono2
MF8	5.899694215	mono2
MF8	6.342454545	mono2
MF8	6.400347107	mono2
MF8	6.48068595	mono2
MF8	6.560545455	mono2
MF8	6.869438017	mono2
MF8	6.92938843	mono2
MF8	7.242991736	mono2
CL10	5.761090909	mono2
CL10	6.103256198	mono2
CL10	6.626471074	mono2
CL10	6.669834711	mono2
CL10	6.735413223	mono2
CL10	6.796280992	mono2
CL10	6.838033058	mono2
CL10	6.879619835	mono2
CL10	6.923752066	mono2
CL10	7.12014876	mono2
CL127	5.936190083	mono2
CL127	5.963619835	mono2
CL127	6.043181818	mono2
CL127	6.229264463	mono2
CL127	6.255016529	mono2
CL127	6.278652893	mono2
CL127	6.496057851	mono2
CL127	6.744942149	mono2
CL127	6.949669421	mono2
CL127	7.158380165	mono2
CL127	7.423330579	mono2
CL140	5.041842975	mono2
CL140	5.126900826	mono2
CL140	5.133909091	mono2
CL140	5.470297521	mono2
CL140	5.731619835	mono2
CL140	5.756396694	mono2
CL140	5.757404959	mono2
CL140	6.582214876	mono2
CL140	6.645785124	mono2
CL140	6.669421488	mono2
CL147	5.13414876	mono2
CL147	5.181818182	mono2
CL147	5.183239669	mono2
CL147	5.504190083	mono2
CL147	5.758099174	mono2
CL147	5.831719008	mono2
CL147	5.948446281	mono2
CL147	5.977727273	mono2
CL147	6.193438017	mono2
CL147	6.620016529	mono2
CL152	5.38222314	mono2
CL152	5.853809917	mono2
CL152	6.109950413	mono2
CL152	6.191504132	mono2
CL152	6.308347107	mono2
CL152	6.345264463	mono2
CL152	6.380049587	mono2
CL152	6.501165289	mono2
CL152	6.514768595	mono2
CL152	6.598256198	mono2
CL152	6.875644628	mono2
CL17	4.456330579	mono2
CL17	4.682471074	mono2
CL17	5.010107438	mono2
CL17	5.412966942	mono2
CL17	5.462256198	mono2
CL17	5.756396694	mono2
CL17	6.043942149	mono2
CL17	6.17992562	mono2
CL17	7.002983471	mono2
CL17	7.039272727	mono2
CL20	5.491049587	mono2
CL20	6.338049587	mono2
CL20	6.378842975	mono2
CL20	6.560322314	mono2
CL20	6.928768595	mono2
CL20	6.963586777	mono2
CL20	7.322157025	mono2
CL20	7.412355372	mono2
CL20	7.606355372	mono2
CL20	7.951297521	mono2
CL28	1.476198347	mono2
CL28	1.537991736	mono2
CL28	1.686677686	mono2
CL28	1.756834711	mono2
CL28	1.81822314	mono2
CL28	1.858677686	mono2
CL28	1.863628099	mono2
CL28	1.916966942	mono2
CL28	2.149173554	mono2
CL63	3.306826446	mono2
CL63	3.481768595	mono2
CL63	3.992041322	mono2
CL63	4.271661157	mono2
CL63	4.546933884	mono2
CL63	4.587380165	mono2
CL63	4.815090909	mono2
CL63	5.04238843	mono2
CL63	5.212512397	mono2
CL63	5.665115702	mono2
CL68	4.744876033	mono2
CL68	5.554603306	mono2
CL68	5.704421488	mono2
CL68	5.852082645	mono2
CL68	6.064661157	mono2
CL68	6.074834711	mono2
CL68	6.378264463	mono2
CL68	6.746033058	mono2
CL89	5.232024793	mono2
CL89	6.680628099	mono2
CL89	6.728636364	mono2
CL89	6.750041322	mono2
CL89	6.755859504	mono2
CL89	6.823867769	mono2
CL89	6.866016529	mono2
CL89	6.987338843	mono2
MF109	4.201603306	mono2
MF109	4.934371901	mono2
MF109	5.004966942	mono2
MF109	5.423909091	mono2
MF109	5.540520661	mono2
MF109	5.594983471	mono2
MF109	5.902471074	mono2
MF11	6.969107438	mono2
MF11	7.140884298	mono2
MF11	7.174165289	mono2
MF11	7.214917355	mono2
MF11	7.338214876	mono2
MF11	7.38031405	mono2
MF11	7.394421488	mono2
MF11	7.513049587	mono2
MF11	7.515710744	mono2
MF11	7.537231405	mono2
MF114	6.163190083	mono2
MF114	6.406107438	mono2
MF114	6.406107438	mono2
MF114	6.522595041	mono2
MF114	6.703206612	mono2
MF114	6.83385124	mono2
MF114	7.080198347	mono2
MF114	7.127272727	mono2
MF114	7.365677686	mono2
MF114	7.587347107	mono2
MF115a	7.029173554	mono2
MF115a	7.256628099	mono2
MF115a	7.322280992	mono2
MF115a	7.496834711	mono2
MF115a	7.519719008	mono2
MF115a	7.54892562	mono2
MF115a	7.687909091	mono2
MF115a	7.85485124	mono2
MF115a	8.213950413	mono2
MF131	1.879396694	mono2
MF131	2.17122314	mono2
MF131	3	mono2
MF131	3.034933884	mono2
MF131	3.049586777	mono2
MF131	3.138099174	mono2
MF131	4.258190083	mono2
MF157	6.255404959	mono2
MF157	6.595090909	mono2
MF157	6.631710744	mono2
MF157	6.648371901	mono2
MF157	6.713561983	mono2
MF157	6.897016529	mono2
MF157	7.019157025	mono2
MF161	0.729619835	mono2
MF161	1.316157025	mono2
MF161	1.317785124	mono2
MF161	1.322446281	mono2
MF161	1.618421488	mono2
MF161	1.623727273	mono2
MF161	1.877107438	mono2
MF161	2.01361157	mono2
MF162	7.24577686	mono2
MF162	7.29031405	mono2
MF162	7.366809917	mono2
MF162	7.455553719	mono2
MF162	7.512561983	mono2
MF162	7.688512397	mono2
MF162	7.764289256	mono2
MF162	7.77185124	mono2
MF162	8.090090909	mono2
MF164	6.844099174	mono2
MF164	7.07546281	mono2
MF164	7.15653719	mono2
MF164	7.240347107	mono2
MF164	7.313206612	mono2
MF164	7.320099174	mono2
MF164	7.42577686	mono2
MF164	7.431487603	mono2
MF164	7.544404959	mono2
MF17	5.893322314	mono2
MF17	5.926603306	mono2
MF17	6.182305785	mono2
MF17	6.350256198	mono2
MF17	6.580768595	mono2
MF17	6.603280992	mono2
MF17	6.624107438	mono2
MF17	6.640785124	mono2
MF17	6.670206612	mono2
MF197a	6.878016529	mono2
MF197a	7.017694215	mono2
MF197a	7.07468595	mono2
MF197a	7.421834711	mono2
MF197a	7.457016529	mono2
MF197a	7.586471074	mono2
MF197a	7.642157025	mono2
MF197a	7.66214876	mono2
MF197a	7.761206612	mono2
MF197a	7.91968595	mono2
MF20	6.150561983	mono2
MF20	6.225561983	mono2
MF20	6.357652893	mono2
MF20	6.416652893	mono2
MF20	6.429570248	mono2
MF20	6.447041322	mono2
MF20	6.465322314	mono2
MF20	6.646892562	mono2
MF20	6.766231405	mono2
MF21	6.380247934	mono2
MF21	6.388727273	mono2
MF21	6.505347107	mono2
MF21	6.550793388	mono2
MF21	6.753677686	mono2
MF21	6.911933884	mono2
MF21	6.915495868	mono2
MF21	7.082793388	mono2
MF21	7.553487603	mono2
MF21	7.602157025	mono2
MF254	1.016834711	mono2
MF254	1.470355372	mono2
MF254	1.473694215	mono2
MF254	1.483669421	mono2
MF254	1.637115702	mono2
MF254	1.802256198	mono2
MF254	1.83738843	mono2
MF254	2.163991736	mono2
MF254	2.462545455	mono2
MF26	0.868123967	mono2
MF26	1.092033058	mono2
MF26	1.191115702	mono2
MF26	1.406247934	mono2
MF26	1.463652893	mono2
MF26	1.509347107	mono2
MF26	1.570619835	mono2
MF26	1.611570248	mono2
MF26	2.279107438	mono2
MF26	2.287586777	mono2
MF261	5.498545455	mono2
MF261	6.977636364	mono2
MF261	7.099363636	mono2
MF261	7.14822314	mono2
MF261	7.276404959	mono2
MF261	7.29261157	mono2
MF261	7.359438017	mono2
MF261	7.415578512	mono2
MF261	7.783140496	mono2
MF261	8.101867769	mono2
MF267	6.823867769	mono2
MF267	6.844330579	mono2
MF267	7.447413223	mono2
MF267	7.527471074	mono2
MF267	7.599066116	mono2
MF267	7.722950413	mono2
MF267	7.725429752	mono2
MF267	7.85914876	mono2
MF267	7.897504132	mono2
MF267	7.953966942	mono2
MF273	6.63685124	mono2
MF273	6.802247934	mono2
MF273	6.978355372	mono2
MF273	7.053272727	mono2
MF273	7.064371901	mono2
MF273	7.089785124	mono2
MF273	7.220669421	mono2
MF273	7.297561983	mono2
MF273	7.300719008	mono2
MF273	7.448256198	mono2
MF279	5.382966942	mono2
MF279	5.684231405	mono2
MF279	6.005380165	mono2
MF279	6.054107438	mono2
MF279	6.240504132	mono2
MF279	6.283743802	mono2
MF279	6.371322314	mono2
MF279	6.434256198	mono2
MF280	6.627768595	mono2
MF280	6.74753719	mono2
MF280	6.91931405	mono2
MF280	6.98192562	mono2
MF280	6.992438017	mono2
MF280	7.226157025	mono2
MF280	7.57692562	mono2
MF280	7.586371901	mono2
MF283	5.393173554	mono2
MF283	6.09761157	mono2
MF283	6.72577686	mono2
MF283	6.864190083	mono2
MF283	7.11885124	mono2
MF283	7.258752066	mono2
MF283	7.29553719	mono2
MF283	7.437066116	mono2
MF283	7.707396694	mono2
MF29	6.200380165	mono2
MF29	6.264933884	mono2
MF29	6.482652893	mono2
MF29	6.836950413	mono2
MF29	6.922330579	mono2
MF29	6.946487603	mono2
MF29	6.978578512	mono2
MF29	7.013504132	mono2
MF29	7.19922314	mono2
MF292	6.259041322	mono2
MF292	6.848586777	mono2
MF292	6.90792562	mono2
MF31	1.781330579	mono2
MF31	1.810595041	mono2
MF31	1.960090909	mono2
MF31	2.074512397	mono2
MF31	2.246504132	mono2
MF31	2.26977686	mono2
MF31	2.297107438	mono2
MF31	2.352760331	mono2
MF31	2.628214876	mono2
MF31	2.67814876	mono2
MF314	5.238512397	mono2
MF314	5.52914876	mono2
MF314	5.703826446	mono2
MF314	6.073975207	mono2
MF314	6.278016529	mono2
MF314	6.448760331	mono2
MF314	6.570297521	mono2
MF314	6.646892562	mono2
MF314	6.983198347	mono2
MF314	7.142644628	mono2
MF314	7.676347107	mono2
MF323	6.223140496	mono2
MF323	6.326008264	mono2
MF323	6.334115702	mono2
MF323	6.530272727	mono2
MF323	6.845487603	mono2
MF323	6.909528926	mono2
MF323	6.928900826	mono2
MF323	7.066289256	mono2
MF323	7.327652893	mono2
MF327	6.273950413	mono2
MF327	6.326157025	mono2
MF327	6.406157025	mono2
MF327	6.442702479	mono2
MF327	6.710264463	mono2
MF327	6.719876033	mono2
MF327	6.843561983	mono2
MF327	6.920950413	mono2
MF327	6.986280992	mono2
MF327	7.010743802	mono2
MF339	5.515570248	mono2
MF339	6.077619835	mono2
MF339	6.430719008	mono2
MF339	6.693710744	mono2
MF339	6.768636364	mono2
MF339	6.875413223	mono2
MF339	6.91931405	mono2
MF339	7.012099174	mono2
MF339	7.035603306	mono2
MF339	7.155801653	mono2
MF340	5.368495868	mono2
MF340	5.42131405	mono2
MF340	5.513561983	mono2
MF340	5.561016529	mono2
MF340	5.577413223	mono2
MF340	5.640264463	mono2
MF340	5.78153719	mono2
MF340	6.025198347	mono2
MF340	6.185438017	mono2
MF348	6.294057851	mono2
MF348	6.412239669	mono2
MF348	6.445710744	mono2
MF348	6.542917355	mono2
MF348	6.747082645	mono2
MF348	6.846297521	mono2
MF348	6.920380165	mono2
MF360	5.845404959	mono2
MF360	6.369727273	mono2
MF360	6.397892562	mono2
MF360	6.502677686	mono2
MF360	6.648421488	mono2
MF360	6.938826446	mono2
MF362	4.660231405	mono2
MF362	6.187826446	mono2
MF362	7.087140496	mono2
MF362	7.138512397	mono2
MF362	7.34838843	mono2
MF363	6.36277686	mono2
MF363	6.543438017	mono2
MF363	6.832768595	mono2
MF363	7.138512397	mono2
MF363	7.414256198	mono2
MF363	7.438677686	mono2
MF363	7.617380165	mono2
MF363	7.646661157	mono2
MF363	8.017198347	mono2
MF363	8.08222314	mono2
MF365	6.203752066	mono2
MF365	6.494355372	mono2
MF365	7.048520661	mono2
MF365	7.05431405	mono2
MF365	7.16546281	mono2
MF365	7.176900826	mono2
MF365	7.326181818	mono2
MF365	7.44107438	mono2
MF365	7.487644628	mono2
MF380	5.281454545	mono2
MF380	5.89822314	mono2
MF380	6.481702479	mono2
MF380	6.584876033	mono2
MF380	6.632867769	mono2
MF380	6.71053719	mono2
MF380	6.751867769	mono2
MF380	6.762099174	mono2
MF445	5.571619835	mono2
MF445	6.705132231	mono2
MF445	6.762099174	mono2
MF445	6.865933884	mono2
MF445	6.869024793	mono2
MF445	6.904900826	mono2
MF445	6.963545455	mono2
MF445	7.240049587	mono2
MF445	7.475933884	mono2
MF445	8.006768595	mono2
MF466	6.949099174	mono2
MF466	6.956652893	mono2
MF466	7.057066116	mono2
MF466	7.126752066	mono2
MF466	7.12968595	mono2
MF466	7.153652893	mono2
MF466	7.314677686	mono2
MF466	7.422297521	mono2
MF466	7.496834711	mono2
MF466	7.504867769	mono2
MF467	6.595785124	mono2
MF467	6.610123967	mono2
MF467	6.641016529	mono2
MF467	6.644347107	mono2
MF467	6.795603306	mono2
MF467	6.797909091	mono2
MF467	6.852041322	mono2
MF467	6.869958678	mono2
MF467	6.922644628	mono2
MF467	7.171809917	mono2
MF49	4.485066116	mono2
MF49	4.772966942	mono2
MF49	4.983471074	mono2
MF49	5.018628099	mono2
MF49	5.111289256	mono2
MF49	5.877917355	mono2
MF49	6.113719008	mono2
MF49	6.148809917	mono2
MF49	6.570297521	mono2
MF49	6.94214876	mono2
MF496	4.366454545	mono2
MF496	6.189661157	mono2
MF496	6.289165289	mono2
MF496	6.494917355	mono2
MF496	6.514768595	mono2
MF496	6.541181818	mono2
MF496	6.549636364	mono2
MF496	6.691090909	mono2
MF496	6.941487603	mono2
MF501a	5.835355372	mono2
MF501a	6.622801653	mono2
MF501a	6.665	mono2
MF501a	6.673157025	mono2
MF501a	6.719057851	mono2
MF501a	7.115702479	mono2
MF501a	7.197305785	mono2
MF501a	7.220669421	mono2
MF501a	7.307826446	mono2
MF501a	7.473347107	mono2
MF509	6.69646281	mono2
MF509	6.925528926	mono2
MF509	6.963545455	mono2
MF509	7.102	mono2
MF509	7.113322314	mono2
MF509	7.201016529	mono2
MF509	7.331842975	mono2
MF509	7.414595041	mono2
MF509	7.476140496	mono2
MF509	7.513049587	mono2
MF77	6.598024793	mono2
MF77	6.608495868	mono2
MF77	6.712553719	mono2
MF77	6.803561983	mono2
MF77	6.843016529	mono2
MF77	6.855942149	mono2
MF77	6.99331405	mono2
MF77	7.176264463	mono2
MF77	7.369644628	mono2
MF88	4.142355372	mono2
MF88	4.313553719	mono2
MF88	5.248355372	mono2
MF88	5.259760331	mono2
MF88	5.341867769	mono2
MF88	5.345322314	mono2
MF88	5.614049587	mono2
MF88	5.637264463	mono2
MF88	5.94385124	mono2
MF9	3.770305785	mono2
MF9	4.434140496	mono2
MF9	5.577413223	mono2
MF9	5.71846281	mono2
MF9	5.802818182	mono2
MF9	5.819479339	mono2
MF9	5.906033058	mono2
MF9	5.925983471	mono2
MF9	6.497570248	mono2
MF92	5.072719008	mono2
MF92	6.128132231	mono2
MF92	6.266404959	mono2
MF92	6.321099174	mono2
MF92	6.421107438	mono2
MF92	6.500694215	mono2
MF92	6.537652893	mono2
MF92	6.567206612	mono2
MF92	6.705132231	mono2
MF98a	5.666793388	mono2
MF98a	5.901504132	mono2
MF98a	6.010033058	mono2
MF98a	6.040024793	mono2
MF98a	6.078479339	mono2
MF98a	6.202165289	mono2
MF98a	6.395206612	mono2
MF98a	6.562380165	mono2
NB	5.323157025	mono2
NB	5.649528926	mono2
NB	5.782809917	mono2
NB	5.94953719	mono2
NB	6.445628099	mono2
NB	6.093619835	mono2
NB	6.08077686	mono2
NB	6.519710744	mono2
CL11	4.389553719	mono1
CL11	5.877917355	mono1
CL11	4.909652893	mono1
CL11	5.506867769	mono1
CL11	6.124768595	mono1
CL11	5.721900826	mono1
CL11	5.421371901	mono1
CL14	3.600512397	mono1
CL14	5.263033058	mono1
CL14	4.721760331	mono1
CL14	5.282446281	mono1
CL14	3.723057851	mono1
CL14	4.583760331	mono1
CL14	4.218446281	mono1
CL144	5.484942149	mono1
CL144	5.765727273	mono1
CL144	5.363628099	mono1
CL144	5.649900826	mono1
CL144	4.445280992	mono1
CL144	4.797694215	mono1
CL144	5.752115702	mono1
CL144	6.253933884	mono1
CL144	5.429975207	mono1
CL144	5.410297521	mono1
CL21	5.234280992	mono1
CL21	5.046471074	mono1
CL21	5.652454545	mono1
CL21	4.837	mono1
CL21	5.477041322	mono1
CL21	5.117355372	mono1
CL21	5.284719008	mono1
CL21	5.452347107	mono1
CL58	1.641280992	mono1
CL58	1.125909091	mono1
CL58	1.074504132	mono1
CL58	1.411165289	mono1
CL58	1.17122314	mono1
CL58	0.692247934	mono1
CL58	1.212371901	mono1
CL58	0.988561983	mono1
CL58	1.228603306	mono1
CL69	2.595090909	mono1
CL69	1.533545455	mono1
CL69	1.863669421	mono1
CL69	1.592363636	mono1
CL69	2.050652893	mono1
CL69	2.293239669	mono1
CL69	2.245561983	mono1
CL69	2.264520661	mono1
CL71	5.912669421	mono1
CL71	5.475495868	mono1
CL71	5.815198347	mono1
CL71	6.422504132	mono1
CL71	5.641818182	mono1
CL71	6.058206612	mono1
CL71	5.900297521	mono1
CL71	6.090206612	mono1
CL71	5.524446281	mono1
CL71	6.135768595	mono1
MF110	5.560107438	mono1
MF110	6.151181818	mono1
MF110	5.543404959	mono1
MF110	5.950504132	mono1
MF110	6.05477686	mono1
MF110	5.949057851	mono1
MF110	5.755528926	mono1
MF110	5.105404959	mono1
MF110	5.682421488	mono1
MF110	5.072545455	mono1
MF113	1.143487603	mono1
MF113	1.170760331	mono1
MF113	0.535347107	mono1
MF113	1.163735537	mono1
MF113	1.820884298	mono1
MF113	0.677884298	mono1
MF113	1.503041322	mono1
MF113	1.208421488	mono1
MF113	1.48438843	mono1
MF113	1.556264463	mono1
MF160	2.870231405	mono1
MF160	2.807586777	mono1
MF160	2.859123967	mono1
MF160	2.614917355	mono1
MF160	2.431495868	mono1
MF160	2.742504132	mono1
MF160	2.907826446	mono1
MF160	2.723214876	mono1
MF160	2.714421488	mono1
MF160	3.064991736	mono1
MF220a	3.452966942	mono1
MF220a	3.762231405	mono1
MF220a	3.274231405	mono1
MF220a	1.517066116	mono1
MF220a	2.975619835	mono1
MF220a	2.990049587	mono1
MF220a	3.88331405	mono1
MF220a	3.900446281	mono1
MF220a	3.710239669	mono1
MF220a	3.746752066	mono1
MF278	5.904157025	mono1
MF278	5.637487603	mono1
MF278	5.54846281	mono1
MF278	5.168694215	mono1
MF278	5.518404959	mono1
MF278	5.201	mono1
MF278	5.479842975	mono1
MF278	5.259066116	mono1
MF295	5.957280992	mono1
MF295	6.076404959	mono1
MF295	6.139603306	mono1
MF295	6.178528926	mono1
MF295	5.810595041	mono1
MF295	5.75468595	mono1
MF295	5.988363636	mono1
MF295	5.862578512	mono1
MF295	5.585504132	mono1
MF295	5.559752066	mono1
MF3	2.36838843	mono1
MF3	2.180975207	mono1
MF3	2.23361157	mono1
MF3	2.429752066	mono1
MF3	2.240206612	mono1
MF3	2.258380165	mono1
MF3	2.281123967	mono1
MF3	2.480454545	mono1
MF349	4.635570248	mono1
MF349	6.119297521	mono1
MF349	5.91253719	mono1
MF349	6.530272727	mono1
MF349	4.885867769	mono1
MF349	6.089289256	mono1
MF349	5.824545455	mono1
MF349	5.824545455	mono1
MF349	6.419239669	mono1
MF349	6.526363636	mono1
MF349	5.682066116	mono1
MF35	3.280322314	mono1
MF35	3.724297521	mono1
MF35	3.899421488	mono1
MF35	3.478330579	mono1
MF35	2.950520661	mono1
MF35	2.952082645	mono1
MF35	2.708049587	mono1
MF350	6.079975207	mono1
MF350	5.678115702	mono1
MF350	5.678115702	mono1
MF350	6.412900826	mono1
MF350	5.924487603	mono1
MF350	5.997628099	mono1
MF350	6.186545455	mono1
MF350	6.039595041	mono1
MF36	2.119834711	mono1
MF36	2.119834711	mono1
MF36	2.389842975	mono1
MF36	2.12992562	mono1
MF36	1.676603306	mono1
MF36	2.265966942	mono1
MF36	2.048123967	mono1
MF369	5.665115702	mono1
MF369	5.858801653	mono1
MF369	5.539809917	mono1
MF369	5.769355372	mono1
MF369	5.784512397	mono1
MF369	5.784512397	mono1
MF369	5.582917355	mono1
MF369	5.578735537	mono1
MF369	5.679636364	mono1
MF375	5.507082645	mono1
MF375	5.026528926	mono1
MF375	4.830520661	mono1
MF375	5.57885124	mono1
MF375	5.35792562	mono1
MF375	5.957942149	mono1
MF375	5.286157025	mono1
MF375	5.950595041	mono1
MF375	5.669206612	mono1
MF376	0.615132231	mono1
MF376	1.289363636	mono1
MF376	1.688867769	mono1
MF376	1.361107438	mono1
MF376	1.445694215	mono1
MF376	1.125057851	mono1
MF376	1.460545455	mono1
MF384	5.556181818	mono1
MF384	5.560008264	mono1
MF384	5.729338843	mono1
MF384	5.791165289	mono1
MF384	5.537586777	mono1
MF384	5.44614876	mono1
MF384	4.893256198	mono1
MF384	3.373355372	mono1
MF397	5.306016529	mono1
MF397	4.909090909	mono1
MF397	5.785842975	mono1
MF397	5.802975207	mono1
MF397	5.009801653	mono1
MF397	5.492504132	mono1
MF397	3.529380165	mono1
MF397	5.658330579	mono1
MF397	4.568719008	mono1
MF4	5.718033058	mono1
MF4	5.534479339	mono1
MF4	5.263272727	mono1
MF4	5.798099174	mono1
MF4	5.77946281	mono1
MF4	6.026628099	mono1
MF4	6.199140496	mono1
MF4	4.78614876	mono1
MF4	4.942842975	mono1
MF40	4.282876033	mono1
MF40	3.054016529	mono1
MF40	3.461322314	mono1
MF40	4.155016529	mono1
MF40	4.344008264	mono1
MF40	3.847132231	mono1
MF40	4.016528926	mono1
MF40	3.943396694	mono1
MF40	2.662264463	mono1
MF45	2.754859504	mono1
MF45	1.867586777	mono1
MF45	2.674471074	mono1
MF45	3.444404959	mono1
MF45	2.60885124	mono1
MF45	2.876140496	mono1
MF45	3.113421488	mono1
MF45	3.026421488	mono1
MF45	2.75753719	mono1
MF45	2.415289256	mono1
MF455	5.95046281	mono1
MF455	5.975256198	mono1
MF455	6.001842975	mono1
MF455	5.188454545	mono1
MF455	5.357438017	mono1
MF455	5.334264463	mono1
MF455	5.08868595	mono1
MF455	5.627446281	mono1
MF455	4.709570248	mono1
MF455	5.385876033	mono1
MF48	0.994520661	mono1
MF48	1.24585124	mono1
MF48	0.798404959	mono1
MF48	1.314983471	mono1
MF48	1.36453719	mono1
MF48	1.374636364	mono1
MF48	1.419950413	mono1
MF48	0.992041322	mono1
MF48	0.619834711	mono1
MF48	1.167661157	mono1
MF50	2.118024793	mono1
MF50	3.125057851	mono1
MF50	3.70546281	mono1
MF50	3.22331405	mono1
MF50	2.838404959	mono1
MF50	1.964785124	mono1
MF50	2.413735537	mono1
MF50	1.688867769	mono1
MF50	2.975256198	mono1
MF50	2.912892562	mono1
MF51	1.202983471	mono1
MF51	1.158090909	mono1
MF51	1.339247934	mono1
MF51	1.062107438	mono1
MF51	1.559859504	mono1
MF51	1.437256198	mono1
MF51	1.28138843	mono1
MF51	0.80177686	mono1
MF51	1.511016529	mono1
MF51	0.909545455	mono1
MF6	0.603247934	mono1
MF6	1.28853719	mono1
MF6	1.314280992	mono1
MF6	1.048677686	mono1
MF6	1.064958678	mono1
MF6	1.185165289	mono1
MF6	0.79377686	mono1
MF6	1.066115702	mono1
MF6	1.291396694	mono1
MF6	1.51422314	mono1
MF7	1.190338843	mono1
MF7	1.308421488	mono1
MF7	1.434809917	mono1
MF7	1.441429752	mono1
MF7	1.667801653	mono1
MF7	1.687586777	mono1
MF7	0.865991736	mono1
MF7	1.464702479	mono1
MF7	1.339760331	mono1
MF7	1.860991736	mono1
MF79	5.207909091	mono1
MF79	6.183305785	mono1
MF79	5.760719008	mono1
MF79	5.903636364	mono1
MF79	5.77946281	mono1
MF79	5.82961157	mono1
MF79	5.830239669	mono1
MF79	5.53031405	mono1
MF79	5.755322314	mono1
MF95	6.449330579	mono1
MF95	6.285256198	mono1
MF95	6.276694215	mono1
MF95	6.064247934	mono1
MF95	5.752115702	mono1
MF95	5.82961157	mono1
MF95	6.546628099	mono1
MF95	6.370504132	mono1
MF95	6.677206612	mono1
MF95	5.126900826	mono1
CL115	4.791545455	mono1
CL115	5.212512397	mono1
CL115	5.529429752	mono1
CL115	5.952942149	mono1
CL115	5.876504132	mono1
CL115	6.079438017	mono1
CL115	6.032132231	mono1
CL115	6.32231405	mono1
CL115	5.553942149	mono1
CL115	5.336338843	mono1
CL117	2.568	mono1
CL117	2.568	mono1
CL117	2.284355372	mono1
CL117	1.984867769	mono1
CL117	1.811446281	mono1
CL117	2.082793388	mono1
CL117	2.306322314	mono1
CL117	1.936421488	mono1
CL117	2.39868595	mono1
CL117	1.959305785	mono1
CL117	2.232644628	mono1
CL123	1.563752066	mono1
CL123	1.182049587	mono1
CL123	1.463016529	mono1
CL123	1.414958678	mono1
CL123	1.374636364	mono1
CL123	1.438231405	mono1
CL123	1.332859504	mono1
CL123	1.688867769	mono1
CL123	1.692504132	mono1
CL123	1.337231405	mono1
CL13	6.346768595	mono1
CL13	6.404809917	mono1
CL13	6.260760331	mono1
CL13	6.10138843	mono1
CL13	6.647586777	mono1
CL13	6.229264463	mono1
CL13	5.320190083	mono1
CL13	5.976033058	mono1
CL130	1.082421488	mono1
CL130	0.945082645	mono1
CL130	1.36431405	mono1
CL130	1.031239669	mono1
CL130	0.776553719	mono1
CL130	0.848066116	mono1
CL130	1.760504132	mono1
CL130	0.705198347	mono1
CL130	0.452438017	mono1
CL130	0.967256198	mono1
CL141a	4.985694215	mono1
CL141a	6.586834711	mono1
CL141a	6.21438843	mono1
CL141a	6.454330579	mono1
CL141a	5.921628099	mono1
CL141a	6.571	mono1
CL141a	5.952991736	mono1
CL141a	6.036264463	mono1
CL141a	5.34785124	mono1
 CL18	1.586966942	mono1
 CL18	2.839900826	mono1
 CL18	2.207867769	mono1
 CL18	1.998909091	mono1
 CL18	2.652892562	mono1
 CL18	2.251289256	mono1
 CL18	2.478966942	mono1
 CL18	2.504256198	mono1
 CL18	1.846231405	mono1
CL25	6.486256198	mono1
CL25	6.02892562	mono1
CL25	6.961644628	mono1
CL25	5.919859504	mono1
CL25	6.774809917	mono1
CL25	6.406157025	mono1
CL25	6.185140496	mono1
CL25	6.422256198	mono1
CL25	6.718231405	mono1
CL4	5.62831405	mono1
CL4	5.824966942	mono1
CL4	5.05785124	mono1
CL4	5.355429752	mono1
CL4	4.815090909	mono1
CL4	5.449355372	mono1
CL4	5.621545455	mono1
CL4	5.431338843	mono1
CL4	4.566289256	mono1
CL52	1.785297521	mono1
CL52	1.738371901	mono1
CL52	1.749826446	mono1
CL52	1.737834711	mono1
CL52	1.959305785	mono1
CL52	1.834206612	mono1
CL52	1.993363636	mono1
CL52	1.834710744	mono1
CL72	0.89014876	mono1
CL72	0.621322314	mono1
CL72	0.070123967	mono1
CL72	0.637438017	mono1
CL72	0.873413223	mono1
CL72	1.028553719	mono1
CL72	0.884950413	mono1
CL72	0.83122314	mono1
CL73	3.698289256	mono1
CL73	5.38707438	mono1
CL73	5.685479339	mono1
CL73	5.332016529	mono1
CL73	4.916661157	mono1
CL73	6.102396694	mono1
CL73	5.750785124	mono1
CL73	5.479396694	mono1
CL81	4.615834711	mono1
CL81	5.306016529	mono1
CL81	4.562049587	mono1
CL81	5.237280992	mono1
CL81	5.082644628	mono1
CL81	5.404958678	mono1
CL81	4.786090909	mono1
CL81	4.563057851	mono1
CL9	2.209256198	mono1
CL9	1.960561983	mono1
CL9	1.537991736	mono1
CL9	1.344570248	mono1
CL9	1.259595041	mono1
CL9	1.492760331	mono1
CL9	1.745603306	mono1
CL9	1.59161157	mono1
CL91	0.711512397	mono1
CL91	0.398066116	mono1
CL91	0.461033058	mono1
CL91	0.479619835	mono1
CL91	0.910892562	mono1
CL91	0.547702479	mono1
CL91	0.582280992	mono1
CL91	0.510256198	mono1
CL91	0.699115702	mono1
CL96	5.534454545	mono1
CL96	5.129958678	mono1
CL96	4.817297521	mono1
CL96	5.641669421	mono1
CL96	5.755512397	mono1
CL96	5.157132231	mono1
CL96	5.290520661	mono1
CL96	4.965115702	mono1
CL96	5.05214876	mono1
MF103	5.282743802	mono1
MF103	5.952363636	mono1
MF103	6.247958678	mono1
MF103	5.579090909	mono1
MF103	6.095570248	mono1
MF103	5.901404959	mono1
MF103	6.082669421	mono1
MF103	5.543504132	mono1
MF103	5.72368595	mono1
MF105	5.917933884	mono1
MF105	6.218256198	mono1
MF105	5.282743802	mono1
MF105	5.836206612	mono1
MF105	5.641818182	mono1
MF105	6.337305785	mono1
MF105	6.176	mono1
MF105	5.990768595	mono1
MF105	5.144322314	mono1
MF106	2.567305785	mono1
MF106	2.805876033	mono1
MF106	3.355049587	mono1
MF106	3.489950413	mono1
MF106	2.398743802	mono1
MF106	2.364561983	mono1
MF106	3.176305785	mono1
MF106	3.837057851	mono1
MF106	2.543520661	mono1
MF106	2.880396694	mono1
MF107	0.182570248	mono1
MF107	0.959958678	mono1
MF107	0.97646281	mono1
MF107	1.014884298	mono1
MF107	1.291057851	mono1
MF107	0.910446281	mono1
MF107	0.975206612	mono1
MF107	0.865991736	mono1
MF107	0.743801653	mono1
MF112	5.041752066	mono1
MF112	5.735247934	mono1
MF112	5.57377686	mono1
MF112	5.753041322	mono1
MF112	6.111677686	mono1
MF112	5.779404959	mono1
MF112	6.169099174	mono1
MF112	4.67277686	mono1
MF123	5.440049587	mono1
MF123	6.049677686	mono1
MF123	6.682123967	mono1
MF123	6.906991736	mono1
MF123	6.621561983	mono1
MF123	5.279355372	mono1
MF123	6.839958678	mono1
MF123	7.074454545	mono1
MF123	6.396884298	mono1
MF125	6.032132231	mono1
MF125	5.407008264	mono1
MF125	6.099173554	mono1
MF125	6.198396694	mono1
MF125	6.476578512	mono1
MF125	5.633553719	mono1
MF125	5.332016529	mono1
MF125	5.533429752	mono1
MF125	5.987950413	mono1
MF125	5.796033058	mono1
MF136	6.024842975	mono1
MF136	6.198793388	mono1
MF136	6.002512397	mono1
MF136	5.750892562	mono1
MF136	5.678553719	mono1
MF136	5.767487603	mono1
MF136	5.752280992	mono1
MF136	6.02846281	mono1
MF136	6.57253719	mono1
MF138	6.420123967	mono1
MF138	6.425479339	mono1
MF138	5.851330579	mono1
MF138	6.121421488	mono1
MF138	6.420123967	mono1
MF138	6.016619835	mono1
MF138	6.658512397	mono1
MF138	6.117132231	mono1
MF138	6.319586777	mono1
MF138	5.761553719	mono1
MF140	6.35407438	mono1
MF140	6.578760331	mono1
MF140	4.83368595	mono1
MF140	5.983834711	mono1
MF140	6.150181818	mono1
MF140	6.016347107	mono1
MF140	6.360264463	mono1
MF140	5.884669421	mono1
MF140	6.250123967	mono1
MF140	5.902471074	mono1
MF143	6.848644628	mono1
MF143	6.713429752	mono1
MF143	5.33707438	mono1
MF143	6.710338843	mono1
MF143	6.326495868	mono1
MF143	7.120421488	mono1
MF143	7.288487603	mono1
MF143	6.523801653	mono1
MF143	6.491471074	mono1
MF166a	6.612892562	mono1
MF166a	6.874842975	mono1
MF166a	7.223421488	mono1
MF166a	6.413561983	mono1
MF166a	6.948520661	mono1
MF166a	7.480214876	mono1
MF166a	5.884669421	mono1
MF166a	6.347884298	mono1
MF166a	6.713677686	mono1
MF178	6.517760331	mono1
MF178	5.394917355	mono1
MF178	5.925107438	mono1
MF178	6.240231405	mono1
MF178	7.572049587	mono1
MF178	6.387099174	mono1
MF178	5.794561983	mono1
MF178	7.036355372	mono1
MF178	4.447479339	mono1
MF178	6.750363636	mono1
MF181	1.091413223	mono1
MF181	1.289677686	mono1
MF181	0.842809917	mono1
MF181	0.661157025	mono1
MF181	0.661983471	mono1
MF181	0.991735537	mono1
MF181	0.869619835	mono1
MF181	0.860140496	mono1
MF181	0.927975207	mono1
MF181	1.103363636	mono1
MF196	5.926446281	mono1
MF196	6.273165289	mono1
MF196	5.858801653	mono1
MF196	5.930752066	mono1
MF196	5.228115702	mono1
MF196	5.351008264	mono1
MF196	5.93577686	mono1
MF196	5.815198347	mono1
MF196	6.026628099	mono1
MF196	6.092165289	mono1
MF215	2.87907438	mono1
MF215	3.645966942	mono1
MF215	3.124975207	mono1
MF215	3.132652893	mono1
MF215	2.918280992	mono1
MF215	3.144842975	mono1
MF215	3.329504132	mono1
MF215	3.360371901	mono1
MF215	3.360371901	mono1
MF215	3.034123967	mono1
MF217	4.74461157	mono1
MF217	5.656917355	mono1
MF217	5.760719008	mono1
MF217	5.529595041	mono1
MF217	5.608619835	mono1
MF217	5.355429752	mono1
MF217	5.831082645	mono1
MF217	6.103256198	mono1
MF22	3.424	mono1
MF22	4.451016529	mono1
MF22	4.563669421	mono1
MF22	4.766785124	mono1
MF22	4.678008264	mono1
MF22	4.641727273	mono1
MF22	5.38222314	mono1
MF22	4.299561983	mono1
MF22	3.719338843	mono1
MF22	4.845446281	mono1
MF259	2.343727273	mono1
MF259	4.002809917	mono1
MF259	3.041917355	mono1
MF259	2.460669421	mono1
MF259	4.337429752	mono1
MF259	3.342330579	mono1
MF259	4.017214876	mono1
MF259	4.608438017	mono1
MF27	2.365892562	mono1
MF27	2.151049587	mono1
MF27	2.993512397	mono1
MF27	2.713966942	mono1
MF27	2.807586777	mono1
MF27	2.477578512	mono1
MF27	2.625760331	mono1
MF27	2.529950413	mono1
MF27	2.612404959	mono1
MF27	2.382231405	mono1
MF28	5.950595041	mono1
MF28	5.023033058	mono1
MF28	6.235768595	mono1
MF28	5.909619835	mono1
MF28	5.055057851	mono1
MF28	5.877338843	mono1
MF28	5.750892562	mono1
MF28	5.699297521	mono1
MF28	5.806950413	mono1
MF28	6.075644628	mono1
MF299	5.281049587	mono1
MF299	5.581214876	mono1
MF299	5.416090909	mono1
MF299	4.769743802	mono1
MF299	4.786090909	mono1
MF299	5.431793388	mono1
MF299	5.332016529	mono1
MF299	5.347214876	mono1
MF299	5.37885124	mono1
MF303	3.384272727	mono1
MF303	2.879876033	mono1
MF303	4.046190083	mono1
MF303	3.743801653	mono1
MF303	3.002561983	mono1
MF303	3.381	mono1
MF303	3.317867769	mono1
MF303	3.712884298	mono1
MF303	3.755603306	mono1
MF303	3.851206612	mono1
MF322	6.242818182	mono1
MF322	6.123512397	mono1
MF322	4.536917355	mono1
MF322	6.330429752	mono1
MF322	6.180322314	mono1
MF322	6.298297521	mono1
MF322	5.748702479	mono1
MF322	5.936190083	mono1
MF322	5.445801653	mono1
MF322	4.660429752	mono1
MF329	6.471454545	mono1
MF329	6.237396694	mono1
MF329	6.437983471	mono1
MF329	5.810016529	mono1
MF329	6.050859504	mono1
MF329	5.711578512	mono1
MF329	5.522198347	mono1
MF329	3.496661157	mono1
MF329	5.839933884	mono1
MF331	5.013231405	mono1
MF331	5.62831405	mono1
MF331	6.069876033	mono1
MF331	6.143256198	mono1
MF331	6.000049587	mono1
MF331	5.752917355	mono1
MF331	5.677900826	mono1
MF331	6.402842975	mono1
MF331	6.494024793	mono1
MF331	5.120297521	mono1
MF332	4.939297521	mono1
MF332	1.664115702	mono1
MF332	3.463719008	mono1
MF332	1.785297521	mono1
MF332	2.553719008	mono1
MF332	2.316553719	mono1
MF332	2.186884298	mono1
MF332	2.975206612	mono1
MF332	2.535355372	mono1
MF332	3.93777686	mono1
MF333	4.499165289	mono1
MF333	4.240826446	mono1
MF333	4.665504132	mono1
MF333	4.09931405	mono1
MF333	4.691256198	mono1
MF333	3.350413223	mono1
MF333	3.881173554	mono1
MF333	4.016603306	mono1
MF351	4.431016529	mono1
MF351	4.487669421	mono1
MF351	4.167132231	mono1
MF351	5.063198347	mono1
MF351	4.86253719	mono1
MF351	4.997330579	mono1
MF351	5.16185124	mono1
MF351	5.159942149	mono1
MF351	4.723512397	mono1
MF366	1.464702479	mono1
MF366	1.08014876	mono1
MF366	1.230958678	mono1
MF366	1.27631405	mono1
MF366	1.26422314	mono1
MF366	0.607818182	mono1
MF366	0.865991736	mono1
MF366	1.274876033	mono1
MF374	5.423355372	mono1
MF374	4.828347107	mono1
MF374	5.003661157	mono1
MF374	5.544966942	mono1
MF374	5.985694215	mono1
MF374	5.930801653	mono1
MF374	6.323528926	mono1
MF374	5.762528926	mono1
MF374	5.805041322	mono1
MF374	5.590892562	mono1
MF41	5.131669421	mono1
MF41	5.028082645	mono1
MF41	5.12407438	mono1
MF41	4.893008264	mono1
MF41	4.419289256	mono1
MF41	4.221644628	mono1
MF41	4.582123967	mono1
MF41	3.768628099	mono1
MF41	4.226297521	mono1
MF451	4.959396694	mono1
MF451	4.514818182	mono1
MF451	4.779173554	mono1
MF451	4.628363636	mono1
MF451	4.713644628	mono1
MF451	4.549330579	mono1
MF451	3.973719008	mono1
MF451	3.869041322	mono1
MF451	3.942760331	mono1
MF453	5.059917355	mono1
MF453	4.687586777	mono1
MF453	4.591066116	mono1
MF453	5.008818182	mono1
MF453	4.563057851	mono1
MF453	4.787438017	mono1
MF453	5.14568595	mono1
MF453	4.895801653	mono1
MF491	0.945082645	mono1
MF491	0.942471074	mono1
MF491	1.082991736	mono1
MF491	0.768991736	mono1
MF491	0.992975207	mono1
MF491	0.747512397	mono1
MF491	0.787942149	mono1
MF491	0.873413223	mono1
MF499	5.555710744	mono1
MF499	6.276694215	mono1
MF499	4.830578512	mono1
MF499	6.401975207	mono1
MF499	6.471123967	mono1
MF499	6.843380165	mono1
MF499	6.642595041	mono1
MF499	6.570297521	mono1
MF499	5.810595041	mono1
MF499	6.436975207	mono1
MF5	6.866694215	mono1
MF5	5.975363636	mono1
MF5	5.605115702	mono1
MF5	6.161545455	mono1
MF5	6.814933884	mono1
MF5	5.914041322	mono1
MF5	6.532859504	mono1
MF5	6.435305785	mono1
MF5	6.244884298	mono1
MF5	5.717016529	mono1
MF69	4.327991736	mono1
MF69	4.95892562	mono1
MF69	4.421644628	mono1
MF69	4.526884298	mono1
MF69	3.885289256	mono1
MF69	4.368140496	mono1
MF69	3.767454545	mono1
MF69	4.011702479	mono1
MF69	4.376157025	mono1
MF69	3.977619835	mono1
MF72	6.806677686	mono1
MF72	5.985280992	mono1
MF72	6.788140496	mono1
MF72	6.846297521	mono1
MF72	6.842479339	mono1
MF72	7.142644628	mono1
MF72	6.465322314	mono1
MF72	6.201371901	mono1
MF72	6.655165289	mono1
MF72	6.603983471	mono1
CL116	6.087322314	mono1
CL116	6.049586777	mono1
CL116	5.355603306	mono1
CL116	4.935438017	mono1
CL116	5.826917355	mono1
CL116	5.87692562	mono1
CL116	4.949809917	mono1
CL116	6.23438843	mono1
CL116	5.519297521	mono1
CL116	5.460173554	mono1
CL125	5.83677686	mono1
CL125	4.847157025	mono1
CL125	5.877917355	mono1
CL125	5.815198347	mono1
CL125	5.654247934	mono1
CL125	5.697198347	mono1
CL125	5.952272727	mono1
CL125	5.223644628	mono1
CL125	5.884867769	mono1
CL126	5.033115702	mono1
CL126	4.83477686	mono1
CL126	5.410644628	mono1
CL126	5.733438017	mono1
CL126	5.810595041	mono1
CL126	5.505024793	mono1
CL126	5.509710744	mono1
CL126	6.050396694	mono1
CL126	5.363628099	mono1
CL126	5.533429752	mono1
CL129	5.257661157	mono1
CL129	5.852338843	mono1
CL129	5.869330579	mono1
CL129	6.047247934	mono1
CL129	5.615636364	mono1
CL129	5.865198347	mono1
CL129	5.381082645	mono1
CL129	6.049438017	mono1
CL129	5.688289256	mono1
CL129	5.926082645	mono1
CL136	5.820900826	mono1
CL136	5.191834711	mono1
CL136	5.475355372	mono1
CL136	5.68114876	mono1
CL136	5.670371901	mono1
CL136	5.256727273	mono1
CL136	5.112247934	mono1
CL136	5.162983471	mono1
CL136	5.896917355	mono1
CL136	5.481752066	mono1
CL143	5.297785124	mono1
CL143	5.288033058	mono1
CL143	5.400181818	mono1
CL143	5.115917355	mono1
CL143	5.854603306	mono1
CL143	5.870644628	mono1
CL143	5.800272727	mono1
CL143	5.660719008	mono1
CL143	6.172008264	mono1
CL143	6.277628099	mono1
CL19	6.220520661	mono1
CL19	5.950413223	mono1
CL19	6.225561983	mono1
CL19	5.580495868	mono1
CL19	6.652760331	mono1
CL19	5.79677686	mono1
CL19	6.168975207	mono1
CL19	5.805942149	mono1
CL19	5.709	mono1
CL19	5.709	mono1
CL19	4.765619835	mono1
CL2	5.396652893	mono1
CL2	3.953983471	mono1
CL2	4.367082645	mono1
CL2	4.09361157	mono1
CL2	4.457983471	mono1
CL2	6.258206612	mono1
CL2	5.596338843	mono1
CL2	5.785421488	mono1
CL2	5.730702479	mono1
CL2	5.205487603	mono1
CL32	4.071619835	mono1
CL32	4.330768595	mono1
CL32	4.132760331	mono1
CL32	3.905867769	mono1
CL32	3.643347107	mono1
CL32	5.09114876	mono1
CL32	4.148892562	mono1
CL32	4.476289256	mono1
CL32	5.029057851	mono1
CL33	3.628842975	mono1
CL33	4.312561983	mono1
CL33	4.369702479	mono1
CL33	4.330859504	mono1
CL33	4.044016529	mono1
CL33	4.424380165	mono1
CL33	3.956256198	mono1
CL33	4.231438017	mono1
CL33	3.772793388	mono1
CL41	3.860528926	mono1
CL41	3.57661157	mono1
CL41	3.868082645	mono1
CL41	4.744876033	mono1
CL41	4.630991736	mono1
CL41	4.760396694	mono1
CL41	3.547619835	mono1
CL41	4.314330579	mono1
CL41	3.888057851	mono1
MF10	2.072735537	mono1
MF10	1.985016529	mono1
MF10	2.060239669	mono1
MF10	1.777702479	mono1
MF10	1.686132231	mono1
MF10	2.052016529	mono1
MF10	2.950520661	mono1
MF10	2.595619835	mono1
MF10	2.356545455	mono1
MF174	5.18561157	mono1
MF174	5.977677686	mono1
MF174	5.318801653	mono1
MF174	5.827239669	mono1
MF174	5.419495868	mono1
MF174	5.590892562	mono1
MF174	5.356809917	mono1
MF174	5.730867769	mono1
MF174	6.077619835	mono1
MF174	5.807421488	mono1
MF177	5.455049587	mono1
MF177	5.318801653	mono1
MF177	5.223644628	mono1
MF177	5.578735537	mono1
MF177	6.020710744	mono1
MF177	6.096652893	mono1
MF177	4.678008264	mono1
MF177	5.640371901	mono1
MF177	5.640371901	mono1
MF190	5.381082645	mono1
MF190	5.578570248	mono1
MF190	5.465016529	mono1
MF190	5.358181818	mono1
MF190	5.931892562	mono1
MF190	5.931892562	mono1
MF190	6.23631405	mono1
MF190	6.026628099	mono1
MF190	6.138454545	mono1
MF190	4.584024793	mono1
MF190	6.144363636	mono1
MF2	5.489652893	mono1
MF2	5.781966942	mono1
MF2	4.782619835	mono1
MF2	4.875669421	mono1
MF2	4.909652893	mono1
MF2	6.26453719	mono1
MF2	5.790892562	mono1
MF2	5.527090909	mono1
MF2	5.060041322	mono1
MF2	4.629	mono1
MF224	0.827520661	mono1
MF224	0.739661157	mono1
MF224	0.768595041	mono1
MF224	0.870595041	mono1
MF224	1.192404959	mono1
MF224	1.449512397	mono1
MF224	0.968214876	mono1
MF224	0.89014876	mono1
MF224	1.142917355	mono1
MF275	5.415752066	mono1
MF275	5.050677686	mono1
MF275	5.513561983	mono1
MF275	4.395429752	mono1
MF275	5.634702479	mono1
MF275	5.953719008	mono1
MF275	6.055727273	mono1
MF275	5.434338843	mono1
MF275	6.061867769	mono1
MF275	5.824966942	mono1
MF300	4.576454545	mono1
MF300	5.159834711	mono1
MF300	5.40553719	mono1
MF300	5.717859504	mono1
MF300	5.453669421	mono1
MF300	5.350190083	mono1
MF300	5.124206612	mono1
MF300	5.55853719	mono1
MF300	5.511942149	mono1
MF300	5.124636364	mono1
MF302	4.459289256	mono1
MF302	5.353661157	mono1
MF302	5.240504132	mono1
MF302	5.222983471	mono1
MF302	4.793842975	mono1
MF302	5.423355372	mono1
MF302	5.290909091	mono1
MF302	4.836652893	mono1
MF302	4.877041322	mono1
MF302	5.046066116	mono1
MF305	2.718644628	mono1
MF305	3.190380165	mono1
MF305	3.165710744	mono1
MF305	2.418876033	mono1
MF305	1.908	mono1
MF305	2.398743802	mono1
MF305	2.654735537	mono1
MF305	1.937338843	mono1
MF305	2.561719008	mono1
MF305	3.024834711	mono1
MF312a	4.714247934	mono1
MF312a	5.571132231	mono1
MF312a	4.748669421	mono1
MF312a	5.206636364	mono1
MF312a	5.445272727	mono1
MF312a	5.299396694	mono1
MF312a	4.150371901	mono1
MF312a	4.614504132	mono1
MF312a	5.326008264	mono1
MF312a	3.139710744	mono1
MF33	3.857330579	mono1
MF33	4.817132231	mono1
MF33	4.977917355	mono1
MF33	4.402933884	mono1
MF33	4.587570248	mono1
MF33	4.535578512	mono1
MF33	3.833413223	mono1
MF33	4.699892562	mono1
MF33	4.268661157	mono1
MF33	3.645090909	mono1
MF345	2.634033058	mono1
MF345	5.39714876	mono1
MF345	4.939165289	mono1
MF345	5.677512397	mono1
MF345	5.867355372	mono1
MF345	5.404371901	mono1
MF345	5.357710744	mono1
MF345	5.841057851	mono1
MF345	5.666446281	mono1
MF345	5.360355372	mono1
MF370	5.575479339	mono1
MF370	5.276330579	mono1
MF370	5.78807438	mono1
MF370	6.299909091	mono1
MF370	5.610107438	mono1
MF370	5.628975207	mono1
MF370	5.292619835	mono1
MF370	4.970809917	mono1
MF370	5.805942149	mono1
MF370	5.931892562	mono1
MF378	5.499719008	mono1
MF378	6.108487603	mono1
MF378	5.681578512	mono1
MF378	5.230173554	mono1
MF378	5.951702479	mono1
MF378	5.64777686	mono1
MF378	5.946330579	mono1
MF378	5.817157025	mono1
MF378	5.95392562	mono1
MF378	6.251082645	mono1
MF389	3.277322314	mono1
MF389	2.777082645	mono1
MF389	3.282107438	mono1
MF389	2.524793388	mono1
MF389	3.436636364	mono1
MF389	2.900933884	mono1
MF389	3.52746281	mono1
MF389	2.780512397	mono1
MF389	3.598033058	mono1
MF389	3.102743802	mono1
MF42	6.130586777	mono1
MF42	5.13677686	mono1
MF42	4.822421488	mono1
MF42	5.654471074	mono1
MF42	5.315561983	mono1
MF42	5.368495868	mono1
MF42	5.020280992	mono1
MF42	5.804933884	mono1
MF42	5.108396694	mono1
MF42	5.380619835	mono1
MF57	5.304107438	mono1
MF57	4.78277686	mono1
MF57	5.297619835	mono1
MF57	5.125669421	mono1
MF57	4.582181818	mono1
MF57	4.994471074	mono1
MF57	5.334719008	mono1
MF57	4.723917355	mono1
MF57	5.061735537	mono1
MF57	5.040429752	mono1
MF8	6.344090909	mono1
MF8	6.433471074	mono1
MF8	6.466256198	mono1
MF8	6.032495868	mono1
MF8	5.151190083	mono1
MF8	5.90931405	mono1
MF8	6.125966942	mono1
MF8	6.213206612	mono1
MF8	5.424008264	mono1
CL10	4.538884298	mono1
CL10	4.958735537	mono1
CL10	5.050677686	mono1
CL10	4.421082645	mono1
CL10	2.95946281	mono1
CL10	3.80107438	mono1
CL10	3.923702479	mono1
CL10	5.022049587	mono1
CL10	5.55753719	mono1
CL127	6.013355372	mono1
CL127	6.024842975	mono1
CL127	5.781165289	mono1
CL127	6.142057851	mono1
CL127	6.357024793	mono1
CL127	6.420338843	mono1
CL127	6.525371901	mono1
CL127	6.349479339	mono1
CL127	6.484785124	mono1
CL127	6.363983471	mono1
CL12a	6.620016529	mono1
CL12a	6.571	mono1
CL12a	6.115578512	mono1
CL12a	5.776909091	mono1
CL12a	5.824966942	mono1
CL12a	5.955578512	mono1
CL12a	5.995743802	mono1
CL12a	5.649247934	mono1
CL140	6.442702479	mono1
CL140	5.873727273	mono1
CL140	5.697628099	mono1
CL140	5.926603306	mono1
CL140	5.792214876	mono1
CL140	6.132595041	mono1
CL140	6.049024793	mono1
CL140	6.197603306	mono1
CL140	6.29361157	mono1
CL147	5.672487603	mono1
CL147	6.119752066	mono1
CL147	5.331504132	mono1
CL147	4.507355372	mono1
CL147	5.75468595	mono1
CL147	6.117338843	mono1
CL147	5.457305785	mono1
CL147	5.714595041	mono1
CL152	5.184727273	mono1
CL152	6.041297521	mono1
CL152	5.678553719	mono1
CL152	5.792371901	mono1
CL152	5.256429752	mono1
CL152	5.703826446	mono1
CL152	5.637322314	mono1
CL152	5.733760331	mono1
CL152	5.108396694	mono1
CL17	4.357181818	mono1
CL17	4.265619835	mono1
CL17	4.420983471	mono1
CL17	3.380479339	mono1
CL17	3.628842975	mono1
CL17	4.002661157	mono1
CL17	3.473595041	mono1
CL17	5.308355372	mono1
CL17	3.603909091	mono1
CL20	3.174115702	mono1
CL20	3.62168595	mono1
CL20	4.598520661	mono1
CL20	4.793305785	mono1
CL20	4.625380165	mono1
CL20	5.196421488	mono1
CL20	4.810942149	mono1
CL20	4.385429752	mono1
CL20	4.610892562	mono1
CL28	2.073247934	mono1
CL28	1.207066116	mono1
CL28	1.595702479	mono1
CL28	1.774454545	mono1
CL28	1.092033058	mono1
CL28	1.098892562	mono1
CL28	0.902305785	mono1
CL28	0.914487603	mono1
CL28	1.059016529	mono1
CL28	1.219115702	mono1
CL63	2.110140496	mono1
CL63	2.01822314	mono1
CL63	1.867768595	mono1
CL63	1.138578512	mono1
CL63	2.144752066	mono1
CL63	1.011644628	mono1
CL63	0.989115702	mono1
CL63	0.967330579	mono1
CL63	0.967330579	mono1
CL63	1.62522314	mono1
CL68	5.121834711	mono1
CL68	4.632347107	mono1
CL68	4.14068595	mono1
CL68	5.522247934	mono1
CL68	5.487702479	mono1
CL68	6.201677686	mono1
CL68	5.433669421	mono1
CL68	5.12407438	mono1
CL68	5.887636364	mono1
MF109	5.246363636	mono1
MF109	5.232876033	mono1
MF109	6.223586777	mono1
MF109	5.594413223	mono1
MF109	5.902132231	mono1
MF109	6.224520661	mono1
MF109	6.393471074	mono1
MF109	6.195471074	mono1
MF109	5.52914876	mono1
MF11	4.950859504	mono1
MF11	4.414338843	mono1
MF11	5.511942149	mono1
MF11	5.339966942	mono1
MF11	5.493677686	mono1
MF11	5.21138843	mono1
MF11	5.802504132	mono1
MF11	5.263272727	mono1
MF11	4.941413223	mono1
MF11	5.802504132	mono1
MF114	5.732636364	mono1
MF114	5.539809917	mono1
MF114	5.657297521	mono1
MF114	5.215107438	mono1
MF114	5.213099174	mono1
MF114	4.966173554	mono1
MF114	5.713033058	mono1
MF114	5.368272727	mono1
MF114	5.136066116	mono1
MF114	4.552950413	mono1
MF115a	4.538884298	mono1
MF115a	4.815090909	mono1
MF115a	4.26453719	mono1
MF115a	5.172553719	mono1
MF115a	5.40677686	mono1
MF115a	5.068107438	mono1
MF115a	5.70253719	mono1
MF115a	5.335421488	mono1
MF115a	5.24461157	mono1
MF115a	5.315561983	mono1
MF131	1.278	mono1
MF131	1.356404959	mono1
MF131	1.579206612	mono1
MF131	0.842975207	mono1
MF131	2.607553719	mono1
MF131	1.768867769	mono1
MF131	1.174743802	mono1
MF131	1.860991736	mono1
MF131	2.217867769	mono1
MF131	1.735710744	mono1
MF135	4.517702479	mono1
MF135	3.35077686	mono1
MF135	3.012272727	mono1
MF135	3.968876033	mono1
MF135	5.11231405	mono1
MF135	4.28868595	mono1
MF135	4.811512397	mono1
MF135	4.16831405	mono1
MF135	3.921115702	mono1
MF135	4.09931405	mono1
MF137	5.811132231	mono1
MF137	5.74046281	mono1
MF137	5.684123967	mono1
MF137	6.462876033	mono1
MF137	5.758140496	mono1
MF137	5.64614876	mono1
MF137	4.985016529	mono1
MF137	5.714165289	mono1
MF137	5.878958678	mono1
MF157	3.91531405	mono1
MF157	3.557917355	mono1
MF157	3.676198347	mono1
MF157	3.004917355	mono1
MF157	4.743380165	mono1
MF157	2.975619835	mono1
MF157	5.747628099	mono1
MF157	3.451983471	mono1
MF157	3.451983471	mono1
MF161	1.686677686	mono1
MF161	1.322446281	mono1
MF161	0.705198347	mono1
MF161	1.215884298	mono1
MF161	0.621818182	mono1
MF161	1.331710744	mono1
MF161	1.201644628	mono1
MF161	1.169504132	mono1
MF161	0.999454545	mono1
MF161	1.142917355	mono1
MF162	1.89746281	mono1
MF162	1.739958678	mono1
MF162	1.463016529	mono1
MF162	1.284	mono1
MF162	1.459231405	mono1
MF162	2.119214876	mono1
MF162	1.418652893	mono1
MF162	1.826818182	mono1
MF162	1.780297521	mono1
MF162	1.835380165	mono1
MF164	3.79468595	mono1
MF164	4.963694215	mono1
MF164	5.287041322	mono1
MF164	5.405471074	mono1
MF164	5.349231405	mono1
MF164	4.898876033	mono1
MF164	4.14168595	mono1
MF164	4.840743802	mono1
MF164	4.563057851	mono1
MF164	3.694214876	mono1
MF197a	5.976033058	mono1
MF197a	6.199586777	mono1
MF197a	5.906082645	mono1
MF197a	6.152809917	mono1
MF197a	6.849438017	mono1
MF197a	5.950669421	mono1
MF197a	5.975669421	mono1
MF197a	5.679041322	mono1
MF197a	5.033115702	mono1
MF197a	5.455446281	mono1
MF21	4.948066116	mono1
MF21	4.659181818	mono1
MF21	4.516479339	mono1
MF21	3.949702479	mono1
MF21	3.48168595	mono1
MF21	4.239669421	mono1
MF21	4.34231405	mono1
MF21	4.34231405	mono1
MF21	5.246016529	mono1
MF21	3.498066116	mono1
MF23	2.865429752	mono1
MF23	2.388413223	mono1
MF23	2.467033058	mono1
MF23	2.223404959	mono1
MF23	2.856520661	mono1
MF23	2.553842975	mono1
MF23	2.312305785	mono1
MF23	2.817404959	mono1
MF23	2.333876033	mono1
MF231	0.570669421	mono1
MF231	0.371438017	mono1
MF231	0.606413223	mono1
MF231	0.320933884	mono1
MF231	0.459256198	mono1
MF231	0.317942149	mono1
MF231	0.384454545	mono1
MF231	0.589966942	mono1
MF231	0.408900826	mono1
MF231	0.712471074	mono1
MF254	1.271115702	mono1
MF254	1.074380165	mono1
MF254	0.67768595	mono1
MF254	0.959958678	mono1
MF254	0.699115702	mono1
MF254	0.65492562	mono1
MF254	0.513198347	mono1
MF254	1.090404959	mono1
MF254	0.729710744	mono1
MF254	1.215743802	mono1
MF26	0.694661157	mono1
MF26	0.968214876	mono1
MF26	1.167132231	mono1
MF26	0.972016529	mono1
MF26	1.004669421	mono1
MF26	1.082421488	mono1
MF26	0.774966942	mono1
MF26	0.530024793	mono1
MF26	1.075586777	mono1
MF261	6.061867769	mono1
MF261	5.988826446	mono1
MF261	5.938884298	mono1
MF261	6.034785124	mono1
MF261	5.600504132	mono1
MF261	5.782760331	mono1
MF261	5.707867769	mono1
MF261	5.788975207	mono1
MF261	5.810016529	mono1
MF261	5.556429752	mono1
MF267	6.136950413	mono1
MF267	6.251082645	mono1
MF267	6.275123967	mono1
MF267	6.397123967	mono1
MF267	6.414016529	mono1
MF267	6.258206612	mono1
MF267	6.322363636	mono1
MF267	6.648371901	mono1
MF267	6.148206612	mono1
MF273	4.815090909	mono1
MF273	5.38222314	mono1
MF273	4.546933884	mono1
MF273	5.496140496	mono1
MF273	4.68746281	mono1
MF273	5.359041322	mono1
MF273	4.711330579	mono1
MF273	4.564206612	mono1
MF273	4.469694215	mono1
MF279	5.484942149	mono1
MF279	5.603528926	mono1
MF279	5.186619835	mono1
MF279	5.416090909	mono1
MF279	5.575809917	mono1
MF279	5.656917355	mono1
MF279	5.659471074	mono1
MF279	5.894363636	mono1
MF280	4.859570248	mono1
MF280	5.430661157	mono1
MF280	5.70253719	mono1
MF280	5.218165289	mono1
MF280	5.531090909	mono1
MF280	5.455446281	mono1
MF280	5.157975207	mono1
MF280	5.680338843	mono1
MF280	5.058396694	mono1
MF283	5.27953719	mono1
MF283	4.925090909	mono1
MF283	5.603528926	mono1
MF283	4.731123967	mono1
MF283	5.288033058	mono1
MF283	5.404785124	mono1
MF283	5.82961157	mono1
MF283	4.686214876	mono1
MF29	4.530206612	mono1
MF29	5.543801653	mono1
MF29	5.43931405	mono1
MF29	5.513561983	mono1
MF29	5.173801653	mono1
MF29	5.854603306	mono1
MF29	5.16185124	mono1
MF29	4.900380165	mono1
MF29	4.884735537	mono1
MF292	5.329710744	mono1
MF292	5.263272727	mono1
MF292	5.750892562	mono1
MF292	6.054107438	mono1
MF292	5.320595041	mono1
MF292	5.750892562	mono1
MF292	5.807421488	mono1
MF292	5.653380165	mono1
MF292	5.331272727	mono1
MF31	5.36477686	mono1
MF31	5.563066116	mono1
MF31	5.232876033	mono1
MF31	5.42131405	mono1
MF31	5.612570248	mono1
MF31	4.564206612	mono1
MF31	4.170008264	mono1
MF31	4.64431405	mono1
MF31	5.186619835	mono1
MF31	5.120958678	mono1
MF314	5.393	mono1
MF314	5.084818182	mono1
MF314	5.13438843	mono1
MF314	5.593917355	mono1
MF314	5.432528926	mono1
MF314	5.695363636	mono1
MF314	5.034586777	mono1
MF314	4.682471074	mono1
MF323	5.057909091	mono1
MF323	5.859057851	mono1
MF323	5.443264463	mono1
MF323	5.391347107	mono1
MF323	4.795966942	mono1
MF323	5.351008264	mono1
MF323	5.581214876	mono1
MF323	5.716264463	mono1
MF327	0.896	mono1
MF327	1.017735537	mono1
MF327	0.893942149	mono1
MF327	0.476909091	mono1
MF327	0.501413223	mono1
MF327	0.824173554	mono1
MF327	0.680801653	mono1
MF327	1.122570248	mono1
MF327	1.215884298	mono1
MF339	5.68985124	mono1
MF339	4.585975207	mono1
MF339	6.021322314	mono1
MF339	6.002355372	mono1
MF339	5.927487603	mono1
MF339	6.281099174	mono1
MF339	5.772760331	mono1
MF339	5.753190083	mono1
MF339	5.467264463	mono1
MF340	6.646520661	mono1
MF340	6.357413223	mono1
MF340	6.490041322	mono1
MF340	6.202363636	mono1
MF340	6.377735537	mono1
MF340	6.319008264	mono1
MF340	6.16677686	mono1
MF340	5.509710744	mono1
MF360	5.057181818	mono1
MF360	6.620991736	mono1
MF360	6.479099174	mono1
MF360	5.785363636	mono1
MF360	6.083834711	mono1
MF360	6.229264463	mono1
MF360	6.434256198	mono1
MF360	6.113719008	mono1
MF360	5.703826446	mono1
MF362	5.839933884	mono1
MF362	4.343371901	mono1
MF362	4.814008264	mono1
MF362	5.382966942	mono1
MF362	5.231636364	mono1
MF362	4.763495868	mono1
MF362	5.555710744	mono1
MF363	5.414561983	mono1
MF363	5.960528926	mono1
MF363	5.610157025	mono1
MF363	5.771322314	mono1
MF363	5.133190083	mono1
MF363	5.56968595	mono1
MF363	5.97314876	mono1
MF363	4.736578512	mono1
MF363	5.481752066	mono1
MF363	4.970809917	mono1
MF380	5.906264463	mono1
MF380	5.598595041	mono1
MF380	6.049950413	mono1
MF380	5.875099174	mono1
MF380	5.605917355	mono1
MF380	6.14307438	mono1
MF380	4.826561983	mono1
MF380	5.516305785	mono1
MF445	5.58922314	mono1
MF445	5.454545455	mono1
MF445	6.451785124	mono1
MF445	5.904785124	mono1
MF445	5.289355372	mono1
MF445	5.950413223	mono1
MF445	5.961512397	mono1
MF445	5.068644628	mono1
MF445	5.238181818	mono1
MF445	6.003983471	mono1
MF466	5.236165289	mono1
MF466	5.603363636	mono1
MF466	5.896917355	mono1
MF466	5.736338843	mono1
MF466	6.389289256	mono1
MF466	5.829033058	mono1
MF466	6.404809917	mono1
MF466	6.347975207	mono1
MF466	5.969033058	mono1
MF467	5.653380165	mono1
MF467	5.653107438	mono1
MF467	4.951231405	mono1
MF467	5.320595041	mono1
MF467	5.281512397	mono1
MF467	4.762652893	mono1
MF467	5.307231405	mono1
MF467	5.925669421	mono1
MF467	5.139471074	mono1
MF467	5.334264463	mono1
MF49	4.211231405	mono1
MF49	4.214876033	mono1
MF49	3.608016529	mono1
MF49	4.440512397	mono1
MF49	4.116900826	mono1
MF49	3.89453719	mono1
MF49	3.776743802	mono1
MF49	3.64538843	mono1
MF49	3.398140496	mono1
MF49	3.522842975	mono1
MF501a	6.079438017	mono1
MF501a	6.371322314	mono1
MF501a	6.889396694	mono1
MF501a	7.016702479	mono1
MF501a	5.933289256	mono1
MF501a	6.730115702	mono1
MF501a	5.454661157	mono1
MF501a	5.976033058	mono1
MF501a	6.699768595	mono1
MF501a	6.473404959	mono1
MF509	5.752066116	mono1
MF509	4.914661157	mono1
MF509	3.481768595	mono1
MF509	5.628586777	mono1
MF509	5.406380165	mono1
MF509	5.126900826	mono1
MF509	4.244305785	mono1
MF509	5.654247934	mono1
MF509	5.771909091	mono1
MF509	4.587041322	mono1
MF77	5.328909091	mono1
MF77	5.207553719	mono1
MF77	5.246363636	mono1
MF77	5.355429752	mono1
MF77	4.985016529	mono1
MF77	5.682066116	mono1
MF77	5.531090909	mono1
MF77	5.14568595	mono1
MF77	4.314123967	mono1
MF77	4.309917355	mono1
MF88	5.305785124	mono1
MF88	5.330809917	mono1
MF88	5.21038843	mono1
MF88	5.91253719	mono1
MF88	5.11038843	mono1
MF88	4.339975207	mono1
MF88	5.262041322	mono1
MF88	4.995545455	mono1
MF88	5.504190083	mono1
MF88	5.459107438	mono1
MF88	5.604677686	mono1
MF9	3.77161157	mono1
MF9	3.361768595	mono1
MF9	3.063661157	mono1
MF9	3.434396694	mono1
MF9	4.225438017	mono1
MF9	3.807942149	mono1
MF9	3.103438017	mono1
MF9	3.980710744	mono1
MF9	3.133495868	mono1
MF92	5.424008264	mono1
MF92	5.687487603	mono1
MF92	6.218041322	mono1
MF92	6.456528926	mono1
MF92	6.876033058	mono1
MF92	5.454545455	mono1
MF92	6.286553719	mono1
MF92	5.913570248	mono1
MF92	5.441206612	mono1
MF98a	5.755487603	mono1
MF98a	4.388107438	mono1
MF98a	6.016619835	mono1
MF98a	6.355710744	mono1
MF98a	6.181909091	mono1
MF98a	6.097809917	mono1
MF98a	5.722446281	mono1
MF98a	5.899966942	mono1
MF98a	5.256305785	mono1
MF98a	5.223561983	mono1
MF17	5.381082645	mono1
MF17	5.356809917	mono1
MF17	5.208735537	mono1
MF17	5.132768595	mono1
MF17	5.275107438	mono1
MF17	5.058826446	mono1
MF17	5.025966942	mono1
MF17	5.315561983	mono1
MF17	4.976561983	mono1
MF17	4.738719008	mono1
MF20	5.519578512	mono1
MF20	4.702190083	mono1
MF20	5.729471074	mono1
MF20	5.726198347	mono1
MF20	4.765297521	mono1
MF20	5.331446281	mono1
MF20	5.604181818	mono1
MF20	5.309487603	mono1
MF20	5.904157025	mono1
MF20	5.25268595	mono1
MF496	5.625206612	mono1
MF496	5.611198347	mono1
MF496	5.170413223	mono1
MF496	5.543140496	mono1
MF496	5.612842975	mono1
MF496	6	mono1
MF496	5.504190083	mono1
MF496	5.20685124	mono1
MF496	5.400752066	mono1
MF496	5.612842975	mono1
NB	6.375561983	mono1
NB	6.665545455	mono1
NB	6.343719008	mono1
NB	5.85092562	mono1
NB	6.074380165	mono1
NB	6.656132231	mono1
NB	6.500595041	mono1
NB	6.269586777	mono1
