GFP_Intensity	Genotype	Strain	Time	Rep
191	15.798	DR5	CL28	01d	Rep1
192	10.322	DR5	CL28	01d	Rep1
193	11.419	DR5	CL28	01d	Rep1
194	11.617	DR5	CL28	01d	Rep1
195	9.756	DR5	CL28	01d	Rep1
196	12.523	DR5	CL28	01d	Rep1
197	9.822	DR5	CL28	01d	Rep1
198	9.179	DR5	CL28	01d	Rep1
199	10.448	DR5	CL28	01d	Rep1
200	10.524	DR5	CL28	01d	Rep1
201	11.101	DR5	CL28	01d	Rep1
202	10.58	DR5	CL28	01d	Rep1
203	9.74	DR5	CL28	01d	Rep1
204	8.954	DR5	CL28	01d	Rep1
205	9.983	DR5	CL28	01d	Rep1
206	9.097	DR5	CL28	01d	Rep1
207	10.108	DR5	CL28	01d	Rep1
208	8.511	DR5	CL28	01d	Rep1
209	9.853	DR5	CL28	01d	Rep1
210	10.909	DR5	CL28	01d	Rep1
211	8.64	DR5	CL28	01d	Rep1
212	8.872	DR5	CL28	01d	Rep1
213	8.367	DR5	CL28	01d	Rep1
214	9.06	DR5	CL28	01d	Rep1
215	7.36	DR5	CL28	01d	Rep1
216	7.834	DR5	CL28	01d	Rep1
217	8.384	DR5	CL28	01d	Rep1
218	8.837	DR5	CL28	01d	Rep1
219	8.601	DR5	CL28	01d	Rep1
220	8.763	DR5	CL28	01d	Rep1
221	7.68	DR5	CL28	01d	Rep1
222	7.544	DR5	CL28	01d	Rep1
223	7.102	DR5	CL28	01d	Rep1
224	6.428	DR5	CL28	01d	Rep1
225	7.212	DR5	CL28	01d	Rep1
226	6.168	DR5	CL28	01d	Rep1
227	8.039	DR5	CL28	01d	Rep1
228	8.397	DR5	CL28	01d	Rep1
229	6.249	DR5	CL28	01d	Rep1
230	7.622	DR5	CL28	01d	Rep1
231	7.758	DR5	CL28	01d	Rep1
232	11.102	DR5	CL28	01d	Rep1
233	7.898	DR5	CL28	01d	Rep1
234	8.706	DR5	CL28	01d	Rep1
235	7.424	DR5	CL28	01d	Rep1
236	9.941	DR5	CL28	01d	Rep1
237	7.276	DR5	CL28	01d	Rep1
238	9.197	DR5	CL28	01d	Rep1
239	8.541	DR5	CL28	01d	Rep1
240	7.538	DR5	CL28	01d	Rep1
241	9.858	DR5	CL28	01d	Rep1
242	10.379	DR5	CL28	01d	Rep1
243	9.157	DR5	CL28	01d	Rep1
244	9.419	DR5	CL28	01d	Rep1
245	9.383	DR5	CL28	01d	Rep1
246	8.684	DR5	CL28	01d	Rep1
247	6.972	DR5	CL28	01d	Rep1
248	8.491	DR5	CL28	01d	Rep1
249	8.808	DR5	CL28	01d	Rep1
250	8.771	DR5	CL28	01d	Rep1
251	9.487	DR5	CL28	01d	Rep1
252	9.691	DR5	CL28	01d	Rep1
253	10.85	DR5	CL28	01d	Rep1
254	8.863	DR5	CL28	01d	Rep1
255	10.213	DR5	CL28	01d	Rep1
256	7.668	DR5	CL28	01d	Rep1
257	7.423	DR5	CL28	01d	Rep1
258	8.608	DR5	CL28	01d	Rep1
259	10.158	DR5	CL28	01d	Rep1
260	8.834	DR5	CL28	01d	Rep1
261	10.482	DR5	CL28	01d	Rep1
262	9.591	DR5	CL28	01d	Rep1
263	9.177	DR5	CL28	01d	Rep1
264	9.404	DR5	CL28	01d	Rep1
265	7.1	DR5	CL28	01d	Rep1
266	7.761	DR5	CL28	01d	Rep1
267	7.414	DR5	CL28	01d	Rep1
268	7.377	DR5	CL28	01d	Rep1
269	9.64	DR5	CL28	01d	Rep1
270	7.444	DR5	CL28	01d	Rep1
271	10.858	DR5	CL28	03d	Rep1
272	10.979	DR5	CL28	03d	Rep1
273	10.912	DR5	CL28	03d	Rep1
274	11.256	DR5	CL28	03d	Rep1
275	11.828	DR5	CL28	03d	Rep1
276	10.157	DR5	CL28	03d	Rep1
277	11.397	DR5	CL28	03d	Rep1
278	11.562	DR5	CL28	03d	Rep1
279	11.134	DR5	CL28	03d	Rep1
280	11.86	DR5	CL28	03d	Rep1
281	9.381	DR5	CL28	03d	Rep1
282	9.061	DR5	CL28	03d	Rep1
283	10.569	DR5	CL28	03d	Rep1
284	9.638	DR5	CL28	03d	Rep1
285	9.736	DR5	CL28	03d	Rep1
286	6.664	DR5	CL28	03d	Rep1
287	10.98	DR5	CL28	03d	Rep1
288	8.923	DR5	CL28	03d	Rep1
289	8.816	DR5	CL28	03d	Rep1
290	6.33	DR5	CL28	03d	Rep1
291	7.624	DR5	CL28	03d	Rep1
292	6.684	DR5	CL28	03d	Rep1
293	6.93	DR5	CL28	03d	Rep1
294	6.479	DR5	CL28	03d	Rep1
295	7.754	DR5	CL28	03d	Rep1
296	6.363	DR5	CL28	03d	Rep1
297	6.508	DR5	CL28	03d	Rep1
298	9.74	DR5	CL28	03d	Rep1
299	6.381	DR5	CL28	03d	Rep1
300	6.456	DR5	CL28	03d	Rep1
301	15.077	DR5	CL28	03d	Rep1
302	19.069	DR5	CL28	03d	Rep1
303	18.647	DR5	CL28	03d	Rep1
304	16.204	DR5	CL28	03d	Rep1
305	12.573	DR5	CL28	03d	Rep1
306	17.609	DR5	CL28	03d	Rep1
307	16.65	DR5	CL28	03d	Rep1
308	17.55	DR5	CL28	03d	Rep1
309	14.463	DR5	CL28	03d	Rep1
310	13.092	DR5	CL28	03d	Rep1
311	7.457	DR5	CL28	03d	Rep1
312	7.147	DR5	CL28	03d	Rep1
313	9.854	DR5	CL28	03d	Rep1
314	6.844	DR5	CL28	03d	Rep1
315	6.85	DR5	CL28	03d	Rep1
316	8.188	DR5	CL28	03d	Rep1
317	6.552	DR5	CL28	03d	Rep1
318	6.337	DR5	CL28	03d	Rep1
319	8.721	DR5	CL28	03d	Rep1
320	5.942	DR5	CL28	03d	Rep1
321	10.158	DR5	CL28	03d	Rep1
322	10.897	DR5	CL28	03d	Rep1
323	10.851	DR5	CL28	03d	Rep1
324	9.581	DR5	CL28	03d	Rep1
325	9.218	DR5	CL28	03d	Rep1
326	9.743	DR5	CL28	03d	Rep1
327	8.947	DR5	CL28	03d	Rep1
328	12.098	DR5	CL28	03d	Rep1
329	8.264	DR5	CL28	03d	Rep1
330	10.664	DR5	CL28	03d	Rep1
331	9.432	DR5	CL28	03d	Rep1
332	10.231	DR5	CL28	03d	Rep1
333	8.852	DR5	CL28	03d	Rep1
334	9.249	DR5	CL28	03d	Rep1
335	7.276	DR5	CL28	03d	Rep1
336	7.363	DR5	CL28	03d	Rep1
337	9.698	DR5	CL28	03d	Rep1
338	6.908	DR5	CL28	03d	Rep1
339	8.692	DR5	CL28	03d	Rep1
340	9.553	DR5	CL28	03d	Rep1
341	19.362	DR5	CL28	06d	Rep1
342	19.82	DR5	CL28	06d	Rep1
343	19.713	DR5	CL28	06d	Rep1
344	20.999	DR5	CL28	06d	Rep1
345	25.754	DR5	CL28	06d	Rep1
346	24.784	DR5	CL28	06d	Rep1
347	20.038	DR5	CL28	06d	Rep1
348	17.833	DR5	CL28	06d	Rep1
349	15.313	DR5	CL28	06d	Rep1
350	15.004	DR5	CL28	06d	Rep1
351	23.866	DR5	CL28	06d	Rep1
352	30.394	DR5	CL28	06d	Rep1
353	30.348	DR5	CL28	06d	Rep1
354	25.472	DR5	CL28	06d	Rep1
355	30.72	DR5	CL28	06d	Rep1
356	28.686	DR5	CL28	06d	Rep1
357	28.658	DR5	CL28	06d	Rep1
358	33.55	DR5	CL28	06d	Rep1
359	29.619	DR5	CL28	06d	Rep1
360	30.388	DR5	CL28	06d	Rep1
361	24.057	DR5	CL28	06d	Rep1
362	24.727	DR5	CL28	06d	Rep1
363	24.101	DR5	CL28	06d	Rep1
364	23.247	DR5	CL28	06d	Rep1
365	26.024	DR5	CL28	06d	Rep1
366	25.577	DR5	CL28	06d	Rep1
367	19.743	DR5	CL28	06d	Rep1
368	22.151	DR5	CL28	06d	Rep1
369	26.018	DR5	CL28	06d	Rep1
370	24.794	DR5	CL28	06d	Rep1
371	29.417	DR5	CL28	06d	Rep1
372	25.179	DR5	CL28	06d	Rep1
373	28.49	DR5	CL28	06d	Rep1
374	34.1	DR5	CL28	06d	Rep1
375	29.926	DR5	CL28	06d	Rep1
376	29.606	DR5	CL28	06d	Rep1
377	24.823	DR5	CL28	06d	Rep1
378	30.591	DR5	CL28	06d	Rep1
379	35.126	DR5	CL28	06d	Rep1
380	29.182	DR5	CL28	06d	Rep1
381	41.669	DR5	CL28	06d	Rep1
382	38.555	DR5	CL28	06d	Rep1
383	40.797	DR5	CL28	06d	Rep1
384	41.788	DR5	CL28	06d	Rep1
385	34.8	DR5	CL28	06d	Rep1
386	34.08	DR5	CL28	06d	Rep1
387	41.421	DR5	CL28	06d	Rep1
388	32.753	DR5	CL28	06d	Rep1
389	34.574	DR5	CL28	06d	Rep1
390	45.043	DR5	CL28	06d	Rep1
391	24.618	DR5	CL28	06d	Rep1
392	23.744	DR5	CL28	06d	Rep1
393	26.971	DR5	CL28	06d	Rep1
394	26.023	DR5	CL28	06d	Rep1
395	23.979	DR5	CL28	06d	Rep1
396	25.436	DR5	CL28	06d	Rep1
397	23.872	DR5	CL28	06d	Rep1
398	25.818	DR5	CL28	06d	Rep1
399	26.661	DR5	CL28	06d	Rep1
400	24.488	DR5	CL28	06d	Rep1
401	26.81	DR5	CL28	06d	Rep1
402	21.317	DR5	CL28	06d	Rep1
403	31.532	DR5	CL28	06d	Rep1
404	22.794	DR5	CL28	06d	Rep1
405	25.868	DR5	CL28	06d	Rep1
406	26.641	DR5	CL28	06d	Rep1
407	29.397	DR5	CL28	06d	Rep1
408	31.289	DR5	CL28	06d	Rep1
409	26.687	DR5	CL28	06d	Rep1
410	28.324	DR5	CL28	06d	Rep1
411	24.372	DR5	CL28	06d	Rep1
412	26.081	DR5	CL28	06d	Rep1
413	28.026	DR5	CL28	06d	Rep1
414	24.769	DR5	CL28	06d	Rep1
415	23.573	DR5	CL28	06d	Rep1
416	24.714	DR5	CL28	06d	Rep1
417	24.523	DR5	CL28	06d	Rep1
418	24.759	DR5	CL28	06d	Rep1
419	21.111	DR5	CL28	06d	Rep1
420	23.968	DR5	CL28	06d	Rep1
421	8.963	DR5	CL28+CL14	01d	Rep1
422	12.78	DR5	CL28+CL14	01d	Rep1
423	9.832	DR5	CL28+CL14	01d	Rep1
424	9.513	DR5	CL28+CL14	01d	Rep1
425	10.462	DR5	CL28+CL14	01d	Rep1
426	10.671	DR5	CL28+CL14	01d	Rep1
427	8.134	DR5	CL28+CL14	01d	Rep1
428	7.401	DR5	CL28+CL14	01d	Rep1
429	8.177	DR5	CL28+CL14	01d	Rep1
430	10.103	DR5	CL28+CL14	01d	Rep1
431	10.161	DR5	CL28+CL14	01d	Rep1
432	12.072	DR5	CL28+CL14	01d	Rep1
433	11.231	DR5	CL28+CL14	01d	Rep1
434	11.33	DR5	CL28+CL14	01d	Rep1
435	9.218	DR5	CL28+CL14	01d	Rep1
436	8.937	DR5	CL28+CL14	01d	Rep1
437	8.089	DR5	CL28+CL14	01d	Rep1
438	9.451	DR5	CL28+CL14	01d	Rep1
439	8.972	DR5	CL28+CL14	01d	Rep1
440	9.341	DR5	CL28+CL14	01d	Rep1
441	10.189	DR5	CL28+CL14	01d	Rep1
442	12.53	DR5	CL28+CL14	01d	Rep1
443	12.537	DR5	CL28+CL14	01d	Rep1
444	10.331	DR5	CL28+CL14	01d	Rep1
445	9.133	DR5	CL28+CL14	01d	Rep1
446	6.901	DR5	CL28+CL14	01d	Rep1
447	7.828	DR5	CL28+CL14	01d	Rep1
448	8.95	DR5	CL28+CL14	01d	Rep1
449	10.12	DR5	CL28+CL14	01d	Rep1
450	8.96	DR5	CL28+CL14	01d	Rep1
451	8.844	DR5	CL28+CL14	01d	Rep1
452	9.703	DR5	CL28+CL14	01d	Rep1
453	8.031	DR5	CL28+CL14	01d	Rep1
454	9.157	DR5	CL28+CL14	01d	Rep1
455	9.078	DR5	CL28+CL14	01d	Rep1
456	9.838	DR5	CL28+CL14	01d	Rep1
457	9.017	DR5	CL28+CL14	01d	Rep1
458	8.47	DR5	CL28+CL14	01d	Rep1
459	9.588	DR5	CL28+CL14	01d	Rep1
460	9.204	DR5	CL28+CL14	01d	Rep1
461	8.04	DR5	CL28+CL14	01d	Rep1
462	10.183	DR5	CL28+CL14	01d	Rep1
463	8.43	DR5	CL28+CL14	01d	Rep1
464	8.047	DR5	CL28+CL14	01d	Rep1
465	9.678	DR5	CL28+CL14	01d	Rep1
466	7.581	DR5	CL28+CL14	01d	Rep1
467	7.476	DR5	CL28+CL14	01d	Rep1
468	8.501	DR5	CL28+CL14	01d	Rep1
469	9.84	DR5	CL28+CL14	01d	Rep1
470	6.727	DR5	CL28+CL14	01d	Rep1
471	9.138	DR5	CL28+CL14	01d	Rep1
472	12.237	DR5	CL28+CL14	01d	Rep1
473	10.697	DR5	CL28+CL14	01d	Rep1
474	9.114	DR5	CL28+CL14	01d	Rep1
475	11.187	DR5	CL28+CL14	01d	Rep1
476	8.322	DR5	CL28+CL14	01d	Rep1
477	7.386	DR5	CL28+CL14	01d	Rep1
478	11.648	DR5	CL28+CL14	01d	Rep1
479	11.31	DR5	CL28+CL14	01d	Rep1
480	8.879	DR5	CL28+CL14	01d	Rep1
481	9.85	DR5	CL28+CL14	01d	Rep1
482	12.253	DR5	CL28+CL14	01d	Rep1
483	9.593	DR5	CL28+CL14	01d	Rep1
484	11.722	DR5	CL28+CL14	01d	Rep1
485	13.433	DR5	CL28+CL14	01d	Rep1
486	9.918	DR5	CL28+CL14	01d	Rep1
487	10.9	DR5	CL28+CL14	01d	Rep1
488	7.717	DR5	CL28+CL14	01d	Rep1
489	8.741	DR5	CL28+CL14	01d	Rep1
490	7.363	DR5	CL28+CL14	01d	Rep1
491	10.006	DR5	CL28+CL14	01d	Rep1
492	14.998	DR5	CL28+CL14	01d	Rep1
493	15.46	DR5	CL28+CL14	01d	Rep1
494	10.574	DR5	CL28+CL14	01d	Rep1
495	10.101	DR5	CL28+CL14	01d	Rep1
496	10.259	DR5	CL28+CL14	01d	Rep1
497	9.413	DR5	CL28+CL14	01d	Rep1
498	11.38	DR5	CL28+CL14	01d	Rep1
499	8.898	DR5	CL28+CL14	01d	Rep1
500	8.18	DR5	CL28+CL14	01d	Rep1
501	6.056	DR5	CL28+CL14	03d	Rep1
502	6.529	DR5	CL28+CL14	03d	Rep1
503	6.661	DR5	CL28+CL14	03d	Rep1
504	5.859	DR5	CL28+CL14	03d	Rep1
505	6.346	DR5	CL28+CL14	03d	Rep1
506	6.206	DR5	CL28+CL14	03d	Rep1
507	5.964	DR5	CL28+CL14	03d	Rep1
508	6.436	DR5	CL28+CL14	03d	Rep1
509	5.9	DR5	CL28+CL14	03d	Rep1
510	5.617	DR5	CL28+CL14	03d	Rep1
511	6.879	DR5	CL28+CL14	03d	Rep1
512	7.037	DR5	CL28+CL14	03d	Rep1
513	8.17	DR5	CL28+CL14	03d	Rep1
514	6.714	DR5	CL28+CL14	03d	Rep1
515	8.049	DR5	CL28+CL14	03d	Rep1
516	6.357	DR5	CL28+CL14	03d	Rep1
517	6.889	DR5	CL28+CL14	03d	Rep1
518	7.801	DR5	CL28+CL14	03d	Rep1
519	6.44	DR5	CL28+CL14	03d	Rep1
520	6.759	DR5	CL28+CL14	03d	Rep1
521	7.817	DR5	CL28+CL14	03d	Rep1
522	9.214	DR5	CL28+CL14	03d	Rep1
523	7.88	DR5	CL28+CL14	03d	Rep1
524	7.908	DR5	CL28+CL14	03d	Rep1
525	7.238	DR5	CL28+CL14	03d	Rep1
526	8.84	DR5	CL28+CL14	03d	Rep1
527	6.436	DR5	CL28+CL14	03d	Rep1
528	9.313	DR5	CL28+CL14	03d	Rep1
529	7.291	DR5	CL28+CL14	03d	Rep1
530	7.799	DR5	CL28+CL14	03d	Rep1
531	7.281	DR5	CL28+CL14	03d	Rep1
532	7.116	DR5	CL28+CL14	03d	Rep1
533	7.29	DR5	CL28+CL14	03d	Rep1
534	7.211	DR5	CL28+CL14	03d	Rep1
535	9.31	DR5	CL28+CL14	03d	Rep1
536	7.772	DR5	CL28+CL14	03d	Rep1
537	7.329	DR5	CL28+CL14	03d	Rep1
538	8.889	DR5	CL28+CL14	03d	Rep1
539	8.689	DR5	CL28+CL14	03d	Rep1
540	7.638	DR5	CL28+CL14	03d	Rep1
541	8.112	DR5	CL28+CL14	03d	Rep1
542	8.279	DR5	CL28+CL14	03d	Rep1
543	8.553	DR5	CL28+CL14	03d	Rep1
544	7.981	DR5	CL28+CL14	03d	Rep1
545	7.822	DR5	CL28+CL14	03d	Rep1
546	6.458	DR5	CL28+CL14	03d	Rep1
547	8.241	DR5	CL28+CL14	03d	Rep1
548	6.408	DR5	CL28+CL14	03d	Rep1
549	7.836	DR5	CL28+CL14	03d	Rep1
550	8.674	DR5	CL28+CL14	03d	Rep1
551	8.157	DR5	CL28+CL14	03d	Rep1
552	8.469	DR5	CL28+CL14	03d	Rep1
553	6.394	DR5	CL28+CL14	03d	Rep1
554	9.223	DR5	CL28+CL14	03d	Rep1
555	6.819	DR5	CL28+CL14	03d	Rep1
556	7.759	DR5	CL28+CL14	03d	Rep1
557	8.213	DR5	CL28+CL14	03d	Rep1
558	6.809	DR5	CL28+CL14	03d	Rep1
559	8.383	DR5	CL28+CL14	03d	Rep1
560	7.588	DR5	CL28+CL14	03d	Rep1
561	7.136	DR5	CL28+CL14	03d	Rep1
562	8.887	DR5	CL28+CL14	03d	Rep1
563	7.174	DR5	CL28+CL14	03d	Rep1
564	9.583	DR5	CL28+CL14	03d	Rep1
565	9.97	DR5	CL28+CL14	03d	Rep1
566	8.234	DR5	CL28+CL14	03d	Rep1
567	7.16	DR5	CL28+CL14	03d	Rep1
568	6.231	DR5	CL28+CL14	03d	Rep1
569	8.269	DR5	CL28+CL14	03d	Rep1
570	10.75	DR5	CL28+CL14	03d	Rep1
571	7.208	DR5	CL28+CL14	06d	Rep1
572	6.4	DR5	CL28+CL14	06d	Rep1
573	6.812	DR5	CL28+CL14	06d	Rep1
574	6.496	DR5	CL28+CL14	06d	Rep1
575	6.416	DR5	CL28+CL14	06d	Rep1
576	5.477	DR5	CL28+CL14	06d	Rep1
577	9.866	DR5	CL28+CL14	06d	Rep1
578	6.523	DR5	CL28+CL14	06d	Rep1
579	6.8	DR5	CL28+CL14	06d	Rep1
580	6.683	DR5	CL28+CL14	06d	Rep1
581	6.379	DR5	CL28+CL14	06d	Rep1
582	8.574	DR5	CL28+CL14	06d	Rep1
583	6.341	DR5	CL28+CL14	06d	Rep1
584	6.397	DR5	CL28+CL14	06d	Rep1
585	6.34	DR5	CL28+CL14	06d	Rep1
586	6.584	DR5	CL28+CL14	06d	Rep1
587	8.686	DR5	CL28+CL14	06d	Rep1
588	6.684	DR5	CL28+CL14	06d	Rep1
589	6.367	DR5	CL28+CL14	06d	Rep1
590	6.352	DR5	CL28+CL14	06d	Rep1
591	5.832	DR5	CL28+CL14	06d	Rep1
592	6.579	DR5	CL28+CL14	06d	Rep1
593	6.307	DR5	CL28+CL14	06d	Rep1
594	5.916	DR5	CL28+CL14	06d	Rep1
595	6.267	DR5	CL28+CL14	06d	Rep1
596	6.331	DR5	CL28+CL14	06d	Rep1
597	5.614	DR5	CL28+CL14	06d	Rep1
598	6.143	DR5	CL28+CL14	06d	Rep1
599	6.777	DR5	CL28+CL14	06d	Rep1
600	6.509	DR5	CL28+CL14	06d	Rep1
601	5.469	DR5	CL28+CL14	06d	Rep1
602	7.06	DR5	CL28+CL14	06d	Rep1
603	5.672	DR5	CL28+CL14	06d	Rep1
604	6.901	DR5	CL28+CL14	06d	Rep1
605	5.572	DR5	CL28+CL14	06d	Rep1
606	6.631	DR5	CL28+CL14	06d	Rep1
607	5.46	DR5	CL28+CL14	06d	Rep1
608	5.488	DR5	CL28+CL14	06d	Rep1
609	5.787	DR5	CL28+CL14	06d	Rep1
610	6.222	DR5	CL28+CL14	06d	Rep1
611	6.346	DR5	CL28+CL14	06d	Rep1
612	5.337	DR5	CL28+CL14	06d	Rep1
613	5.771	DR5	CL28+CL14	06d	Rep1
614	5.547	DR5	CL28+CL14	06d	Rep1
615	5.413	DR5	CL28+CL14	06d	Rep1
616	5.567	DR5	CL28+CL14	06d	Rep1
617	5.55	DR5	CL28+CL14	06d	Rep1
618	5.523	DR5	CL28+CL14	06d	Rep1
619	6.759	DR5	CL28+CL14	06d	Rep1
620	5.524	DR5	CL28+CL14	06d	Rep1
621	6.654	DR5	CL28+CL14	06d	Rep1
622	6.784	DR5	CL28+CL14	06d	Rep1
623	6.169	DR5	CL28+CL14	06d	Rep1
624	6.343	DR5	CL28+CL14	06d	Rep1
625	6.717	DR5	CL28+CL14	06d	Rep1
626	6.442	DR5	CL28+CL14	06d	Rep1
627	6.751	DR5	CL28+CL14	06d	Rep1
628	6.592	DR5	CL28+CL14	06d	Rep1
629	5.967	DR5	CL28+CL14	06d	Rep1
630	6.161	DR5	CL28+CL14	06d	Rep1
831	5.677	DR5	NB	01d	Rep1
832	7.426	DR5	NB	01d	Rep1
833	8.311	DR5	NB	01d	Rep1
834	5.87	DR5	NB	01d	Rep1
835	6.02	DR5	NB	01d	Rep1
836	9.204	DR5	NB	01d	Rep1
837	6.596	DR5	NB	01d	Rep1
838	6.239	DR5	NB	01d	Rep1
839	10.291	DR5	NB	01d	Rep1
840	6.929	DR5	NB	01d	Rep1
841	7.777	DR5	NB	01d	Rep1
842	9.416	DR5	NB	01d	Rep1
843	8.576	DR5	NB	01d	Rep1
844	6.08	DR5	NB	01d	Rep1
845	7.589	DR5	NB	01d	Rep1
846	5.669	DR5	NB	01d	Rep1
847	5.506	DR5	NB	01d	Rep1
848	7.356	DR5	NB	01d	Rep1
849	5.543	DR5	NB	01d	Rep1
850	7.239	DR5	NB	01d	Rep1
851	7.014	DR5	NB	01d	Rep1
852	7.879	DR5	NB	01d	Rep1
853	6.036	DR5	NB	01d	Rep1
854	6.948	DR5	NB	01d	Rep1
855	7.179	DR5	NB	01d	Rep1
856	5.442	DR5	NB	01d	Rep1
857	5.538	DR5	NB	01d	Rep1
858	6.676	DR5	NB	01d	Rep1
859	9.459	DR5	NB	01d	Rep1
860	11.009	DR5	NB	01d	Rep1
861	11.981	DR5	NB	01d	Rep1
862	14.183	DR5	NB	01d	Rep1
863	8.729	DR5	NB	01d	Rep1
864	10.514	DR5	NB	01d	Rep1
865	10.104	DR5	NB	01d	Rep1
866	9.684	DR5	NB	01d	Rep1
867	8.576	DR5	NB	01d	Rep1
868	10.48	DR5	NB	01d	Rep1
869	9.03	DR5	NB	01d	Rep1
870	8.208	DR5	NB	01d	Rep1
871	7.977	DR5	NB	01d	Rep1
872	12.11	DR5	NB	01d	Rep1
873	13.587	DR5	NB	01d	Rep1
874	9.769	DR5	NB	01d	Rep1
875	7.453	DR5	NB	01d	Rep1
876	12.663	DR5	NB	01d	Rep1
877	13.136	DR5	NB	01d	Rep1
878	7.661	DR5	NB	01d	Rep1
879	8.47	DR5	NB	01d	Rep1
880	13.372	DR5	NB	01d	Rep1
881	11.826	DR5	NB	01d	Rep1
882	12.952	DR5	NB	01d	Rep1
883	10.796	DR5	NB	01d	Rep1
884	10.238	DR5	NB	01d	Rep1
885	13.338	DR5	NB	01d	Rep1
886	10.763	DR5	NB	01d	Rep1
887	12.531	DR5	NB	01d	Rep1
888	8.44	DR5	NB	01d	Rep1
889	9.411	DR5	NB	01d	Rep1
890	13.109	DR5	NB	01d	Rep1
891	11.468	DR5	NB	01d	Rep1
892	11.24	DR5	NB	01d	Rep1
893	11.75	DR5	NB	01d	Rep1
894	8.432	DR5	NB	01d	Rep1
895	6.3	DR5	NB	01d	Rep1
896	10.564	DR5	NB	01d	Rep1
897	11.063	DR5	NB	01d	Rep1
898	6.807	DR5	NB	01d	Rep1
899	7.337	DR5	NB	01d	Rep1
900	10.303	DR5	NB	01d	Rep1
901	7.543	DR5	NB	01d	Rep1
902	8.86	DR5	NB	01d	Rep1
903	7.254	DR5	NB	01d	Rep1
904	6.399	DR5	NB	01d	Rep1
905	9.22	DR5	NB	01d	Rep1
906	8.768	DR5	NB	01d	Rep1
907	7.022	DR5	NB	01d	Rep1
908	8.98	DR5	NB	01d	Rep1
909	6.408	DR5	NB	01d	Rep1
910	8.501	DR5	NB	01d	Rep1
911	9.168	DR5	NB	01d	Rep1
912	9.919	DR5	NB	01d	Rep1
913	14.394	DR5	NB	01d	Rep1
914	9.888	DR5	NB	01d	Rep1
915	8.438	DR5	NB	01d	Rep1
916	9.111	DR5	NB	01d	Rep1
917	13.462	DR5	NB	01d	Rep1
918	9.214	DR5	NB	01d	Rep1
919	9.282	DR5	NB	01d	Rep1
920	10.736	DR5	NB	01d	Rep1
921	6.61	DR5	NB	01d	Rep1
922	11.814	DR5	NB	01d	Rep1
923	12.461	DR5	NB	01d	Rep1
924	6.211	DR5	NB	01d	Rep1
925	13.089	DR5	NB	01d	Rep1
926	14.55	DR5	NB	01d	Rep1
927	5.65	DR5	NB	01d	Rep1
928	8.553	DR5	NB	01d	Rep1
929	9.514	DR5	NB	01d	Rep1
930	8.994	DR5	NB	01d	Rep1
931	10.561	DR5	NB	03d	Rep1
932	10.57	DR5	NB	03d	Rep1
933	8.501	DR5	NB	03d	Rep1
934	8.702	DR5	NB	03d	Rep1
935	10.322	DR5	NB	03d	Rep1
936	8.787	DR5	NB	03d	Rep1
937	6.378	DR5	NB	03d	Rep1
938	9.17	DR5	NB	03d	Rep1
939	8.477	DR5	NB	03d	Rep1
940	6.727	DR5	NB	03d	Rep1
941	10.534	DR5	NB	03d	Rep1
942	6.331	DR5	NB	03d	Rep1
943	6.152	DR5	NB	03d	Rep1
944	7.623	DR5	NB	03d	Rep1
945	7.888	DR5	NB	03d	Rep1
946	6.267	DR5	NB	03d	Rep1
947	6.239	DR5	NB	03d	Rep1
948	7.649	DR5	NB	03d	Rep1
949	6.576	DR5	NB	03d	Rep1
950	5.749	DR5	NB	03d	Rep1
951	6.626	DR5	NB	03d	Rep1
952	11.388	DR5	NB	03d	Rep1
953	9.526	DR5	NB	03d	Rep1
954	7.369	DR5	NB	03d	Rep1
955	8.913	DR5	NB	03d	Rep1
956	10.902	DR5	NB	03d	Rep1
957	7.073	DR5	NB	03d	Rep1
958	7.146	DR5	NB	03d	Rep1
959	10.274	DR5	NB	03d	Rep1
960	7.743	DR5	NB	03d	Rep1
961	6.459	DR5	NB	03d	Rep1
962	8.748	DR5	NB	03d	Rep1
963	7.01	DR5	NB	03d	Rep1
964	7.59	DR5	NB	03d	Rep1
965	7.864	DR5	NB	03d	Rep1
966	7.167	DR5	NB	03d	Rep1
967	9.053	DR5	NB	03d	Rep1
968	6.729	DR5	NB	03d	Rep1
969	6.452	DR5	NB	03d	Rep1
970	9.087	DR5	NB	03d	Rep1
971	6.859	DR5	NB	03d	Rep1
972	7.61	DR5	NB	03d	Rep1
973	10.502	DR5	NB	03d	Rep1
974	7.586	DR5	NB	03d	Rep1
975	8.818	DR5	NB	03d	Rep1
976	8.589	DR5	NB	03d	Rep1
977	9.229	DR5	NB	03d	Rep1
978	5.927	DR5	NB	03d	Rep1
979	11.036	DR5	NB	03d	Rep1
980	5.643	DR5	NB	03d	Rep1
981	6.429	DR5	NB	03d	Rep1
982	8.514	DR5	NB	03d	Rep1
983	6.873	DR5	NB	03d	Rep1
984	6.742	DR5	NB	03d	Rep1
985	8.501	DR5	NB	03d	Rep1
986	6.767	DR5	NB	03d	Rep1
987	7.648	DR5	NB	03d	Rep1
988	7.34	DR5	NB	03d	Rep1
989	6.324	DR5	NB	03d	Rep1
990	8.116	DR5	NB	03d	Rep1
991	9.823	DR5	NB	03d	Rep1
992	7.468	DR5	NB	03d	Rep1
993	6.628	DR5	NB	03d	Rep1
994	8.191	DR5	NB	03d	Rep1
995	9.359	DR5	NB	03d	Rep1
996	8.45	DR5	NB	03d	Rep1
997	8.249	DR5	NB	03d	Rep1
998	9.583	DR5	NB	03d	Rep1
999	6.614	DR5	NB	03d	Rep1
1000	8.014	DR5	NB	03d	Rep1
1001	5.763	DR5	NB	06d	Rep1
1002	7.301	DR5	NB	06d	Rep1
1003	8.19	DR5	NB	06d	Rep1
1004	6.096	DR5	NB	06d	Rep1
1005	6.328	DR5	NB	06d	Rep1
1006	8.014	DR5	NB	06d	Rep1
1007	7.514	DR5	NB	06d	Rep1
1008	6.057	DR5	NB	06d	Rep1
1009	6.366	DR5	NB	06d	Rep1
1010	8.224	DR5	NB	06d	Rep1
1011	6.38	DR5	NB	06d	Rep1
1012	8.597	DR5	NB	06d	Rep1
1013	6.177	DR5	NB	06d	Rep1
1014	6.041	DR5	NB	06d	Rep1
1015	7.603	DR5	NB	06d	Rep1
1016	7.747	DR5	NB	06d	Rep1
1017	6.402	DR5	NB	06d	Rep1
1018	6.396	DR5	NB	06d	Rep1
1019	7.609	DR5	NB	06d	Rep1
1020	6.468	DR5	NB	06d	Rep1
1021	5.631	DR5	NB	06d	Rep1
1022	6.756	DR5	NB	06d	Rep1
1023	6.152	DR5	NB	06d	Rep1
1024	5.381	DR5	NB	06d	Rep1
1025	6.479	DR5	NB	06d	Rep1
1026	6.788	DR5	NB	06d	Rep1
1027	5.819	DR5	NB	06d	Rep1
1028	5.664	DR5	NB	06d	Rep1
1029	6.651	DR5	NB	06d	Rep1
1030	5.82	DR5	NB	06d	Rep1
1031	5.807	DR5	NB	06d	Rep1
1032	7.63	DR5	NB	06d	Rep1
1033	7.354	DR5	NB	06d	Rep1
1034	6.352	DR5	NB	06d	Rep1
1035	7.798	DR5	NB	06d	Rep1
1036	6.719	DR5	NB	06d	Rep1
1037	5.696	DR5	NB	06d	Rep1
1038	7.213	DR5	NB	06d	Rep1
1039	8.208	DR5	NB	06d	Rep1
1040	6.369	DR5	NB	06d	Rep1
1041	5.868	DR5	NB	06d	Rep1
1042	6.733	DR5	NB	06d	Rep1
1043	6.312	DR5	NB	06d	Rep1
1044	5.868	DR5	NB	06d	Rep1
1045	5.922	DR5	NB	06d	Rep1
1046	6.44	DR5	NB	06d	Rep1
1047	6.248	DR5	NB	06d	Rep1
1048	5.468	DR5	NB	06d	Rep1
1049	5.883	DR5	NB	06d	Rep1
1050	6.384	DR5	NB	06d	Rep1
1051	6.066	DR5	NB	06d	Rep1
1052	7.679	DR5	NB	06d	Rep1
1053	6.56	DR5	NB	06d	Rep1
1054	6.502	DR5	NB	06d	Rep1
1055	7.997	DR5	NB	06d	Rep1
1056	7.712	DR5	NB	06d	Rep1
1057	6.131	DR5	NB	06d	Rep1
1058	6.387	DR5	NB	06d	Rep1
1059	8.043	DR5	NB	06d	Rep1
1060	6.534	DR5	NB	06d	Rep1
1061	5.732	DR5	NB	06d	Rep1
1062	7.876	DR5	NB	06d	Rep1
1063	5.778	DR5	NB	06d	Rep1
1064	5.998	DR5	NB	06d	Rep1
1065	6.959	DR5	NB	06d	Rep1
1066	7.239	DR5	NB	06d	Rep1
1067	5.67	DR5	NB	06d	Rep1
1068	7.534	DR5	NB	06d	Rep1
1069	5.942	DR5	NB	06d	Rep1
1070	7.529	DR5	NB	06d	Rep1
2001	6.332	DR5	CL28+CL14	01d	Rep3
2002	6.402	DR5	CL28+CL14	01d	Rep3
2003	6.402	DR5	CL28+CL14	01d	Rep3
2004	6.37	DR5	CL28+CL14	01d	Rep3
2005	6.402	DR5	CL28+CL14	01d	Rep3
2006	6.402	DR5	CL28+CL14	01d	Rep3
2007	6.406	DR5	CL28+CL14	01d	Rep3
2008	6.206	DR5	CL28+CL14	01d	Rep3
2009	7.318	DR5	CL28+CL14	01d	Rep3
2010	7.552	DR5	CL28+CL14	01d	Rep3
2011	4.807	DR5	CL28+CL14	01d	Rep3
2012	4.807	DR5	CL28+CL14	01d	Rep3
2013	2.161	DR5	CL28+CL14	01d	Rep3
2014	2.253	DR5	CL28+CL14	01d	Rep3
2015	2.217	DR5	CL28+CL14	01d	Rep3
2016	2.216	DR5	CL28+CL14	01d	Rep3
2017	2.143	DR5	CL28+CL14	01d	Rep3
2018	2.159	DR5	CL28+CL14	01d	Rep3
2019	2.171	DR5	CL28+CL14	01d	Rep3
2020	2.211	DR5	CL28+CL14	01d	Rep3
2021	2.149	DR5	CL28+CL14	01d	Rep3
2022	2.174	DR5	CL28+CL14	01d	Rep3
2023	3.204	DR5	CL28+CL14	01d	Rep3
2024	2.147	DR5	CL28+CL14	01d	Rep3
2025	2.414	DR5	CL28+CL14	01d	Rep3
2026	2.55	DR5	CL28+CL14	01d	Rep3
2027	3.176	DR5	CL28+CL14	01d	Rep3
2028	33.149	DR5	CL28+CL14	01d	Rep3
2029	22.618	DR5	CL28+CL14	01d	Rep3
2030	11.078	DR5	CL28+CL14	01d	Rep3
2031	32.778	DR5	CL28+CL14	01d	Rep3
2032	29.064	DR5	CL28+CL14	01d	Rep3
2033	26.173	DR5	CL28+CL14	01d	Rep3
2034	24.912	DR5	CL28+CL14	01d	Rep3
2035	25.113	DR5	CL28+CL14	01d	Rep3
2036	23.316	DR5	CL28+CL14	01d	Rep3
2037	21.779	DR5	CL28+CL14	01d	Rep3
2038	24.994	DR5	CL28+CL14	01d	Rep3
2039	17.944	DR5	CL28+CL14	01d	Rep3
2040	19.809	DR5	CL28+CL14	01d	Rep3
2041	27.921	DR5	CL28+CL14	01d	Rep3
2042	26.423	DR5	CL28+CL14	01d	Rep3
2043	28.907	DR5	CL28+CL14	01d	Rep3
2044	23.842	DR5	CL28+CL14	01d	Rep3
2045	24.662	DR5	CL28+CL14	01d	Rep3
2046	13.676	DR5	CL28+CL14	01d	Rep3
2047	26.376	DR5	CL28+CL14	01d	Rep3
2048	21.751	DR5	CL28+CL14	01d	Rep3
2049	32.597	DR5	CL28+CL14	01d	Rep3
2050	28.162	DR5	CL28+CL14	01d	Rep3
2051	52.39	DR5	CL28+CL14	01d	Rep3
2052	34.156	DR5	CL28+CL14	01d	Rep3
2053	27.964	DR5	CL28+CL14	01d	Rep3
2054	26.693	DR5	CL28+CL14	01d	Rep3
2055	34.243	DR5	CL28+CL14	01d	Rep3
2056	90.323	DR5	CL28+CL14	01d	Rep3
2057	22.966	DR5	CL28+CL14	01d	Rep3
2058	29.571	DR5	CL28+CL14	01d	Rep3
2059	14.394	DR5	CL28+CL14	01d	Rep3
2060	30.432	DR5	CL28+CL14	01d	Rep3
2061	26.73	DR5	CL28+CL14	01d	Rep3
2062	9.386	DR5	CL28+CL14	01d	Rep3
2063	21.369	DR5	CL28+CL14	01d	Rep3
2064	21.801	DR5	CL28+CL14	01d	Rep3
2065	20.499	DR5	CL28+CL14	01d	Rep3
2066	21.831	DR5	CL28+CL14	01d	Rep3
2067	9.481	DR5	CL28+CL14	01d	Rep3
2068	13.284	DR5	CL28+CL14	01d	Rep3
2069	9.388	DR5	CL28+CL14	01d	Rep3
2070	26.929	DR5	CL28+CL14	01d	Rep3
2071	53.04	DR5	CL28+CL14	01d	Rep3
2072	52.627	DR5	CL28+CL14	01d	Rep3
2073	55.628	DR5	CL28+CL14	01d	Rep3
2074	55.549	DR5	CL28+CL14	01d	Rep3
2075	51.479	DR5	CL28+CL14	01d	Rep3
2076	6.004	DR5	CL28+CL14	01d	Rep3
2077	26.45	DR5	CL28+CL14	01d	Rep3
2078	26.012	DR5	CL28+CL14	01d	Rep3
2079	23.03	DR5	CL28+CL14	01d	Rep3
2080	19.14	DR5	CL28+CL14	01d	Rep3
2081	17.459	DR5	CL28+CL14	01d	Rep3
2082	14.706	DR5	CL28+CL14	01d	Rep3
2083	15.124	DR5	CL28+CL14	01d	Rep3
2084	14.777	DR5	CL28+CL14	01d	Rep3
2085	17.389	DR5	CL28+CL14	01d	Rep3
2086	18.188	DR5	CL28+CL14	01d	Rep3
2087	15.916	DR5	CL28+CL14	01d	Rep3
2088	11.519	DR5	CL28+CL14	01d	Rep3
2089	17.548	DR5	CL28+CL14	01d	Rep3
2090	19.758	DR5	CL28+CL14	01d	Rep3
2091	24.129	DR5	CL28+CL14	01d	Rep3
2092	23.45	DR5	CL28+CL14	01d	Rep3
2093	20.906	DR5	CL28+CL14	01d	Rep3
2094	21.069	DR5	CL28+CL14	01d	Rep3
2095	22.35	DR5	CL28+CL14	01d	Rep3
2096	25.252	DR5	CL28+CL14	01d	Rep3
2097	25.044	DR5	CL28+CL14	01d	Rep3
2098	27.16	DR5	CL28+CL14	01d	Rep3
2099	29.73	DR5	CL28+CL14	01d	Rep3
2100	24.283	DR5	CL28+CL14	01d	Rep3
2101	19.31	DR5	CL28+CL14	01d	Rep3
2102	74.526	DR5	CL28+CL14	01d	Rep3
2103	74.117	DR5	CL28+CL14	01d	Rep3
2104	75.907	DR5	CL28+CL14	01d	Rep3
2105	76.056	DR5	CL28+CL14	01d	Rep3
2106	75.404	DR5	CL28+CL14	01d	Rep3
2107	75.17	DR5	CL28+CL14	01d	Rep3
2108	73.731	DR5	CL28+CL14	01d	Rep3
2109	75.09	DR5	CL28+CL14	01d	Rep3
2110	75.524	DR5	CL28+CL14	01d	Rep3
2111	77.63	DR5	CL28+CL14	01d	Rep3
2112	25.791	DR5	CL28+CL14	01d	Rep3
2113	24.953	DR5	CL28+CL14	01d	Rep3
2114	26.56	DR5	CL28+CL14	01d	Rep3
2115	24.056	DR5	CL28+CL14	01d	Rep3
2116	27.576	DR5	CL28+CL14	01d	Rep3
2117	25.4	DR5	CL28+CL14	01d	Rep3
2118	22.331	DR5	CL28+CL14	01d	Rep3
2119	24.416	DR5	CL28+CL14	01d	Rep3
2120	23.598	DR5	CL28+CL14	01d	Rep3
2121	23.438	DR5	CL28+CL14	01d	Rep3
2122	27.946	DR5	CL28+CL14	01d	Rep3
2123	28.022	DR5	CL28+CL14	01d	Rep3
2124	28.011	DR5	CL28+CL14	01d	Rep3
2125	27.629	DR5	CL28+CL14	01d	Rep3
2126	26.921	DR5	CL28+CL14	01d	Rep3
2127	33.318	DR5	CL28+CL14	01d	Rep3
2128	28.387	DR5	CL28+CL14	01d	Rep3
2129	27.258	DR5	CL28+CL14	01d	Rep3
2130	30.288	DR5	CL28+CL14	01d	Rep3
2131	31.277	DR5	CL28+CL14	01d	Rep3
2132	29.603	DR5	CL28+CL14	01d	Rep3
2133	29.007	DR5	CL28+CL14	01d	Rep3
2134	28.22	DR5	CL28+CL14	01d	Rep3
2135	31.987	DR5	CL28+CL14	01d	Rep3
2136	31.727	DR5	CL28+CL14	01d	Rep3
2137	27.087	DR5	CL28+CL14	01d	Rep3
2138	28.149	DR5	CL28+CL14	01d	Rep3
2139	28.252	DR5	CL28+CL14	01d	Rep3
2140	30.452	DR5	CL28+CL14	01d	Rep3
2141	28.789	DR5	CL28+CL14	01d	Rep3
2142	42.498	DR5	CL28+CL14	01d	Rep3
2143	39.569	DR5	CL28+CL14	01d	Rep3
2144	35.443	DR5	CL28+CL14	01d	Rep3
2145	46.177	DR5	CL28+CL14	01d	Rep3
2146	43.848	DR5	CL28+CL14	01d	Rep3
2147	34.444	DR5	CL28+CL14	01d	Rep3
2148	42.496	DR5	CL28+CL14	01d	Rep3
2149	34.077	DR5	CL28+CL14	01d	Rep3
2150	46.378	DR5	CL28+CL14	01d	Rep3
2151	42.859	DR5	CL28+CL14	01d	Rep3
2152	38.338	DR5	CL28+CL14	01d	Rep3
2153	35.887	DR5	CL28+CL14	01d	Rep3
2154	40.631	DR5	CL28+CL14	01d	Rep3
2155	35.946	DR5	CL28+CL14	01d	Rep3
2156	42.717	DR5	CL28+CL14	01d	Rep3
2157	34.768	DR5	CL28+CL14	01d	Rep3
2158	35.073	DR5	CL28+CL14	01d	Rep3
2159	41.01	DR5	CL28+CL14	01d	Rep3
2160	36.318	DR5	CL28+CL14	01d	Rep3
2161	38.374	DR5	CL28+CL14	01d	Rep3
2162	21.44	DR5	CL28+CL14	01d	Rep3
2163	19.009	DR5	CL28+CL14	01d	Rep3
2164	24.767	DR5	CL28+CL14	01d	Rep3
2165	24.376	DR5	CL28+CL14	01d	Rep3
2166	24.753	DR5	CL28+CL14	01d	Rep3
2167	19.804	DR5	CL28+CL14	01d	Rep3
2168	18.829	DR5	CL28+CL14	01d	Rep3
2169	23.213	DR5	CL28+CL14	01d	Rep3
2170	20.393	DR5	CL28+CL14	01d	Rep3
2171	19.427	DR5	CL28+CL14	01d	Rep3
2172	32.04	DR5	CL28+CL14	01d	Rep3
2173	33.463	DR5	CL28+CL14	01d	Rep3
2174	29.551	DR5	CL28+CL14	01d	Rep3
2175	31.36	DR5	CL28+CL14	01d	Rep3
2176	29.778	DR5	CL28+CL14	01d	Rep3
2177	29.547	DR5	CL28+CL14	01d	Rep3
2178	37.817	DR5	CL28+CL14	01d	Rep3
2179	38.223	DR5	CL28+CL14	01d	Rep3
2180	37.069	DR5	CL28+CL14	01d	Rep3
2181	39.043	DR5	CL28+CL14	01d	Rep3
2182	29.031	DR5	CL28+CL14	01d	Rep3
2183	28.343	DR5	CL28+CL14	01d	Rep3
2184	36.214	DR5	CL28+CL14	01d	Rep3
2185	27.933	DR5	CL28+CL14	01d	Rep3
2186	34.997	DR5	CL28+CL14	01d	Rep3
2187	37.179	DR5	CL28+CL14	01d	Rep3
2188	36.787	DR5	CL28+CL14	01d	Rep3
2189	28.316	DR5	CL28+CL14	01d	Rep3
2190	27.553	DR5	CL28+CL14	01d	Rep3
2191	27.238	DR5	CL28+CL14	01d	Rep3
2192	27.27	DR5	CL28+CL14	01d	Rep3
2193	26.411	DR5	CL28+CL14	01d	Rep3
2194	26.28	DR5	CL28+CL14	01d	Rep3
2195	25.724	DR5	CL28+CL14	01d	Rep3
2196	25.209	DR5	CL28+CL14	01d	Rep3
2197	26.642	DR5	CL28+CL14	01d	Rep3
2198	28.506	DR5	CL28+CL14	01d	Rep3
2199	28.304	DR5	CL28+CL14	01d	Rep3
2200	25.594	DR5	CL28+CL14	01d	Rep3
2201	28.711	DR5	CL28+CL14	01d	Rep3
2202	38.172	DR5	CL28	01d	Rep3
2203	34.851	DR5	CL28	01d	Rep3
2204	43.797	DR5	CL28	01d	Rep3
2205	42.858	DR5	CL28	01d	Rep3
2206	22.931	DR5	CL28	01d	Rep3
2207	24.619	DR5	CL28	01d	Rep3
2208	30.701	DR5	CL28	01d	Rep3
2209	36.212	DR5	CL28	01d	Rep3
2210	35.011	DR5	CL28	01d	Rep3
2211	36.348	DR5	CL28	01d	Rep3
2212	48.378	DR5	CL28	01d	Rep3
2213	54.151	DR5	CL28	01d	Rep3
2214	54.751	DR5	CL28	01d	Rep3
2215	51.924	DR5	CL28	01d	Rep3
2216	44.18	DR5	CL28	01d	Rep3
2217	43.991	DR5	CL28	01d	Rep3
2218	49.128	DR5	CL28	01d	Rep3
2219	43.951	DR5	CL28	01d	Rep3
2220	40.856	DR5	CL28	01d	Rep3
2221	45.511	DR5	CL28	01d	Rep3
2222	40.686	DR5	CL28	01d	Rep3
2223	39.062	DR5	CL28	01d	Rep3
2224	49.046	DR5	CL28	01d	Rep3
2225	23.897	DR5	CL28	01d	Rep3
2226	25.169	DR5	CL28	01d	Rep3
2227	23.729	DR5	CL28	01d	Rep3
2228	30.359	DR5	CL28	01d	Rep3
2229	31.286	DR5	CL28	01d	Rep3
2230	27.827	DR5	CL28	01d	Rep3
2231	42.69	DR5	CL28	01d	Rep3
2232	38.122	DR5	CL28	01d	Rep3
2233	36.428	DR5	CL28	01d	Rep3
2234	45.288	DR5	CL28	01d	Rep3
2235	47.7	DR5	CL28	01d	Rep3
2236	47.862	DR5	CL28	01d	Rep3
2237	37.257	DR5	CL28	01d	Rep3
2238	32.867	DR5	CL28	01d	Rep3
2239	55.209	DR5	CL28	01d	Rep3
2240	46.911	DR5	CL28	01d	Rep3
2241	43.061	DR5	CL28	01d	Rep3
2242	40.129	DR5	CL28	01d	Rep3
2243	45.999	DR5	CL28	01d	Rep3
2244	26.451	DR5	CL28	01d	Rep3
2245	44.506	DR5	CL28	01d	Rep3
2246	15.518	DR5	CL28	01d	Rep3
2247	21.613	DR5	CL28	01d	Rep3
2248	22.831	DR5	CL28	01d	Rep3
2249	23.604	DR5	CL28	01d	Rep3
2250	15.161	DR5	CL28	01d	Rep3
2251	30.027	DR5	CL28	01d	Rep3
2252	34.991	DR5	CL28	03d	Rep3
2253	41.108	DR5	CL28	03d	Rep3
2254	28.531	DR5	CL28	03d	Rep3
2255	26.452	DR5	CL28	03d	Rep3
2256	37.119	DR5	CL28	03d	Rep3
2257	44.979	DR5	CL28	03d	Rep3
2258	30.279	DR5	CL28	03d	Rep3
2259	42.922	DR5	CL28	03d	Rep3
2260	26.667	DR5	CL28	03d	Rep3
2261	26.941	DR5	CL28	03d	Rep3
2262	45.044	DR5	CL28	03d	Rep3
2263	42.317	DR5	CL28	03d	Rep3
2264	42.229	DR5	CL28	03d	Rep3
2265	42.232	DR5	CL28	03d	Rep3
2266	41.817	DR5	CL28	03d	Rep3
2267	42.076	DR5	CL28	03d	Rep3
2268	52.03	DR5	CL28	03d	Rep3
2269	49.9	DR5	CL28	03d	Rep3
2270	42.52	DR5	CL28	03d	Rep3
2271	43.37	DR5	CL28	03d	Rep3
2272	48.173	DR5	CL28	03d	Rep3
2273	40.253	DR5	CL28	03d	Rep3
2274	40.408	DR5	CL28	03d	Rep3
2275	27.066	DR5	CL28	03d	Rep3
2276	41.416	DR5	CL28	03d	Rep3
2277	39.45	DR5	CL28	03d	Rep3
2278	43.329	DR5	CL28	03d	Rep3
2279	32.996	DR5	CL28	03d	Rep3
2280	38.029	DR5	CL28	03d	Rep3
2281	38.56	DR5	CL28	03d	Rep3
2282	16.553	DR5	CL28	03d	Rep3
2283	17.257	DR5	CL28	03d	Rep3
2284	27.322	DR5	CL28	03d	Rep3
2285	26.775	DR5	CL28	03d	Rep3
2286	27.313	DR5	CL28	03d	Rep3
2287	18.529	DR5	CL28	03d	Rep3
2288	22.314	DR5	CL28	03d	Rep3
2289	27.83	DR5	CL28	03d	Rep3
2290	14.421	DR5	CL28	03d	Rep3
2291	27.506	DR5	CL28	03d	Rep3
2292	19.826	DR5	CL28	03d	Rep3
2293	16.008	DR5	CL28	03d	Rep3
2294	20.027	DR5	CL28	03d	Rep3
2295	12.03	DR5	CL28	03d	Rep3
2296	15.28	DR5	CL28	03d	Rep3
2297	21.177	DR5	CL28	03d	Rep3
2298	14.414	DR5	CL28	03d	Rep3
2299	15.736	DR5	CL28	03d	Rep3
2300	19.553	DR5	CL28	03d	Rep3
2301	13.631	DR5	CL28	03d	Rep3
2302	33.312	DR5	CL28	03d	Rep3
2303	32.547	DR5	CL28	03d	Rep3
2304	33.809	DR5	CL28	03d	Rep3
2305	30.21	DR5	CL28	03d	Rep3
2306	32.273	DR5	CL28	03d	Rep3
2307	29.544	DR5	CL28	03d	Rep3
2308	31.568	DR5	CL28	03d	Rep3
2309	30.693	DR5	CL28	03d	Rep3
2310	35.911	DR5	CL28	03d	Rep3
2311	43.881	DR5	CL28	03d	Rep3
2312	31.198	DR5	CL28	03d	Rep3
2313	28.189	DR5	CL28	03d	Rep3
2314	31.422	DR5	CL28	03d	Rep3
2315	20.82	DR5	CL28	03d	Rep3
2316	27.757	DR5	CL28	03d	Rep3
2317	24.226	DR5	CL28	03d	Rep3
2318	31.637	DR5	CL28	03d	Rep3
2319	21.557	DR5	CL28	03d	Rep3
2320	20.283	DR5	CL28	03d	Rep3
2321	36.141	DR5	CL28	03d	Rep3
2322	30.15	DR5	CL28	03d	Rep3
2323	28.924	DR5	CL28	03d	Rep3
2324	33.178	DR5	CL28	03d	Rep3
2325	27.569	DR5	CL28	03d	Rep3
2326	27.768	DR5	CL28	03d	Rep3
2327	27.497	DR5	CL28	03d	Rep3
2328	35.393	DR5	CL28	03d	Rep3
2329	30.087	DR5	CL28	03d	Rep3
2330	29.556	DR5	CL28	03d	Rep3
2331	35.137	DR5	CL28	03d	Rep3
2332	32.826	DR5	CL28	03d	Rep3
2333	30.483	DR5	CL28	03d	Rep3
2334	29.526	DR5	CL28	03d	Rep3
2335	29.869	DR5	CL28	03d	Rep3
2336	29.383	DR5	CL28	03d	Rep3
2337	29.407	DR5	CL28	03d	Rep3
2338	28.14	DR5	CL28	03d	Rep3
2339	28.7	DR5	CL28	03d	Rep3
2340	28.194	DR5	CL28	03d	Rep3
2341	28.194	DR5	CL28	03d	Rep3
2482	19.957	DR5	NB	03d	Rep3
2483	24.353	DR5	NB	03d	Rep3
2484	19.732	DR5	NB	03d	Rep3
2485	35.188	DR5	NB	03d	Rep3
2486	16.056	DR5	NB	03d	Rep3
2487	22.298	DR5	NB	03d	Rep3
2488	20.842	DR5	NB	03d	Rep3
2489	19.517	DR5	NB	03d	Rep3
2490	18.849	DR5	NB	03d	Rep3
2491	28.072	DR5	NB	03d	Rep3
2492	20.818	DR5	NB	03d	Rep3
2493	24.963	DR5	NB	03d	Rep3
2494	19.051	DR5	NB	03d	Rep3
2495	24.979	DR5	NB	03d	Rep3
2496	20.848	DR5	NB	03d	Rep3
2497	17.174	DR5	NB	03d	Rep3
2498	29.487	DR5	NB	03d	Rep3
2499	20.319	DR5	NB	03d	Rep3
2500	19.813	DR5	NB	03d	Rep3
2501	23.488	DR5	NB	03d	Rep3
2502	16.088	DR5	NB	03d	Rep3
2503	17.578	DR5	NB	03d	Rep3
2504	17.916	DR5	NB	03d	Rep3
2505	22.397	DR5	NB	03d	Rep3
2506	20.546	DR5	NB	03d	Rep3
2507	23.1	DR5	NB	03d	Rep3
2508	23.966	DR5	NB	03d	Rep3
2509	20.933	DR5	NB	03d	Rep3
2510	23.188	DR5	NB	03d	Rep3
2511	17.376	DR5	NB	03d	Rep3
2512	28.864	DR5	NB	03d	Rep3
2513	18.371	DR5	NB	03d	Rep3
2514	18.1	DR5	NB	03d	Rep3
2515	21.634	DR5	NB	03d	Rep3
2516	24.249	DR5	NB	03d	Rep3
2517	18.846	DR5	NB	03d	Rep3
2518	22.304	DR5	NB	03d	Rep3
2519	34.077	DR5	NB	03d	Rep3
2520	24.838	DR5	NB	03d	Rep3
2521	26.604	DR5	NB	03d	Rep3
2522	19.764	DR5	NB	03d	Rep3
2523	17.272	DR5	NB	03d	Rep3
2524	21.459	DR5	NB	03d	Rep3
2525	18.824	DR5	NB	03d	Rep3
2526	15.759	DR5	NB	03d	Rep3
2527	15.973	DR5	NB	03d	Rep3
2528	16.244	DR5	NB	03d	Rep3
2529	18.904	DR5	NB	03d	Rep3
2530	16.372	DR5	NB	03d	Rep3
2531	17.669	DR5	NB	03d	Rep3
2532	29.348	DR5	NB	03d	Rep3
2533	20.834	DR5	NB	03d	Rep3
2534	20.129	DR5	NB	03d	Rep3
2535	21.269	DR5	NB	03d	Rep3
2536	19.342	DR5	NB	03d	Rep3
2537	20.882	DR5	NB	03d	Rep3
2538	17.722	DR5	NB	03d	Rep3
2539	20.758	DR5	NB	03d	Rep3
2540	25.107	DR5	NB	03d	Rep3
2541	30.729	DR5	NB	03d	Rep3
2542	32.842	DR5	NB	03d	Rep3
2543	20.97	DR5	NB	03d	Rep3
2544	31.179	DR5	NB	03d	Rep3
2545	20.952	DR5	NB	03d	Rep3
2546	31.767	DR5	NB	03d	Rep3
2547	20.098	DR5	NB	03d	Rep3
2548	18.721	DR5	NB	03d	Rep3
2549	34.053	DR5	NB	03d	Rep3
2550	25.858	DR5	NB	03d	Rep3
2551	27.368	DR5	NB	03d	Rep3
2552	19.899	DR5	NB	03d	Rep3
2553	15.769	DR5	NB	03d	Rep3
2554	14.823	DR5	NB	03d	Rep3
2555	21.978	DR5	NB	03d	Rep3
2556	21.65	DR5	NB	03d	Rep3
2557	21.563	DR5	NB	03d	Rep3
2558	13.338	DR5	NB	03d	Rep3
2559	24.504	DR5	NB	03d	Rep3
2560	14.664	DR5	NB	03d	Rep3
2561	18.522	DR5	NB	03d	Rep3
2562	16.944	DR5	NB	03d	Rep3
2563	26.624	DR5	NB	03d	Rep3
2564	21.69	DR5	NB	03d	Rep3
2565	27.279	DR5	NB	03d	Rep3
2566	17.884	DR5	NB	03d	Rep3
2567	21.949	DR5	NB	03d	Rep3
2568	21.798	DR5	NB	03d	Rep3
2569	22.088	DR5	NB	03d	Rep3
2570	37.758	DR5	NB	03d	Rep3
2571	19.483	DR5	NB	03d	Rep3
2572	18.896	DR5	NB	03d	Rep3
2573	23.923	DR5	NB	03d	Rep3
2574	20.138	DR5	NB	03d	Rep3
2575	34.356	DR5	NB	03d	Rep3
2576	17.454	DR5	NB	03d	Rep3
2577	20.032	DR5	NB	03d	Rep3
2578	11.558	DR5	NB	03d	Rep3
2579	26.052	DR5	NB	03d	Rep3
2580	24.389	DR5	NB	03d	Rep3
2581	26.399	DR5	NB	03d	Rep3
2752	16.248	DR5	CL28+CL14	06d	Rep3
2753	16.263	DR5	CL28+CL14	06d	Rep3
2754	13.415	DR5	CL28+CL14	06d	Rep3
2755	13.357	DR5	CL28+CL14	06d	Rep3
2756	16.109	DR5	CL28+CL14	06d	Rep3
2757	16.893	DR5	CL28+CL14	06d	Rep3
2758	13.351	DR5	CL28+CL14	06d	Rep3
2759	18.464	DR5	CL28+CL14	06d	Rep3
2760	16.713	DR5	CL28+CL14	06d	Rep3
2761	16.37	DR5	CL28+CL14	06d	Rep3
2762	18.91	DR5	CL28+CL14	06d	Rep3
2763	16.623	DR5	CL28+CL14	06d	Rep3
2764	17.269	DR5	CL28+CL14	06d	Rep3
2765	16.008	DR5	CL28+CL14	06d	Rep3
2766	18.477	DR5	CL28+CL14	06d	Rep3
2767	16.043	DR5	CL28+CL14	06d	Rep3
2768	17.351	DR5	CL28+CL14	06d	Rep3
2769	16.89	DR5	CL28+CL14	06d	Rep3
2770	18.06	DR5	CL28+CL14	06d	Rep3
2771	17.28	DR5	CL28+CL14	06d	Rep3
2772	18.096	DR5	CL28+CL14	06d	Rep3
2773	19.193	DR5	CL28+CL14	06d	Rep3
2774	15.597	DR5	CL28+CL14	06d	Rep3
2775	18.262	DR5	CL28+CL14	06d	Rep3
2776	16.258	DR5	CL28+CL14	06d	Rep3
2777	16.869	DR5	CL28+CL14	06d	Rep3
2778	16.669	DR5	CL28+CL14	06d	Rep3
2779	18.856	DR5	CL28+CL14	06d	Rep3
2780	17.971	DR5	CL28+CL14	06d	Rep3
2781	15.679	DR5	CL28+CL14	06d	Rep3
2782	21.119	DR5	CL28+CL14	06d	Rep3
2783	20.847	DR5	CL28+CL14	06d	Rep3
2784	22.971	DR5	CL28+CL14	06d	Rep3
2785	21.991	DR5	CL28+CL14	06d	Rep3
2786	21.263	DR5	CL28+CL14	06d	Rep3
2787	18.28	DR5	CL28+CL14	06d	Rep3
2788	20.779	DR5	CL28+CL14	06d	Rep3
2789	19.979	DR5	CL28+CL14	06d	Rep3
2790	20.824	DR5	CL28+CL14	06d	Rep3
2791	22.613	DR5	CL28+CL14	06d	Rep3
2792	18.398	DR5	CL28+CL14	06d	Rep3
2793	16.599	DR5	CL28+CL14	06d	Rep3
2794	17.206	DR5	CL28+CL14	06d	Rep3
2795	20.194	DR5	CL28+CL14	06d	Rep3
2796	16.143	DR5	CL28+CL14	06d	Rep3
2797	19.116	DR5	CL28+CL14	06d	Rep3
2798	17.623	DR5	CL28+CL14	06d	Rep3
2799	15.821	DR5	CL28+CL14	06d	Rep3
2800	18.27	DR5	CL28+CL14	06d	Rep3
2801	15.97	DR5	CL28+CL14	06d	Rep3
2802	17.344	DR5	CL28+CL14	06d	Rep3
2803	15.828	DR5	CL28+CL14	06d	Rep3
2804	15.18	DR5	CL28+CL14	06d	Rep3
2805	17.008	DR5	CL28+CL14	06d	Rep3
2806	17.344	DR5	CL28+CL14	06d	Rep3
2807	13.232	DR5	CL28+CL14	06d	Rep3
2808	14.804	DR5	CL28+CL14	06d	Rep3
2809	18.237	DR5	CL28+CL14	06d	Rep3
2810	15.893	DR5	CL28+CL14	06d	Rep3
2811	16.08	DR5	CL28+CL14	06d	Rep3
2812	17.007	DR5	CL28+CL14	06d	Rep3
2813	16.448	DR5	CL28+CL14	06d	Rep3
2814	18.843	DR5	CL28+CL14	06d	Rep3
2815	16.821	DR5	CL28+CL14	06d	Rep3
2816	16.523	DR5	CL28+CL14	06d	Rep3
2817	16.1	DR5	CL28+CL14	06d	Rep3
2818	17.066	DR5	CL28+CL14	06d	Rep3
2819	17.833	DR5	CL28+CL14	06d	Rep3
2820	17.711	DR5	CL28+CL14	06d	Rep3
2821	16.413	DR5	CL28+CL14	06d	Rep3
2822	17.951	DR5	CL28+CL14	06d	Rep3
2823	19.557	DR5	CL28+CL14	06d	Rep3
2824	16.226	DR5	CL28+CL14	06d	Rep3
2825	16.532	DR5	CL28+CL14	06d	Rep3
2826	16.508	DR5	CL28+CL14	06d	Rep3
2827	20.077	DR5	CL28+CL14	06d	Rep3
2828	16.072	DR5	CL28+CL14	06d	Rep3
2829	16.847	DR5	CL28+CL14	06d	Rep3
2830	16.188	DR5	CL28+CL14	06d	Rep3
2831	21.227	DR5	CL28+CL14	06d	Rep3
2832	52.81	DR5	CL28	06d	Rep3
2833	49.911	DR5	CL28	06d	Rep3
2834	62.728	DR5	CL28	06d	Rep3
2835	51.5	DR5	CL28	06d	Rep3
2836	54.807	DR5	CL28	06d	Rep3
2837	55.406	DR5	CL28	06d	Rep3
2838	41.674	DR5	CL28	06d	Rep3
2839	54.041	DR5	CL28	06d	Rep3
2840	49.729	DR5	CL28	06d	Rep3
2841	58.322	DR5	CL28	06d	Rep3
2842	49.342	DR5	CL28	06d	Rep3
2843	58.906	DR5	CL28	06d	Rep3
2844	61.306	DR5	CL28	06d	Rep3
2845	67.703	DR5	CL28	06d	Rep3
2846	60.159	DR5	CL28	06d	Rep3
2847	64.341	DR5	CL28	06d	Rep3
2848	54.496	DR5	CL28	06d	Rep3
2849	69.507	DR5	CL28	06d	Rep3
2850	68.626	DR5	CL28	06d	Rep3
2851	75.429	DR5	CL28	06d	Rep3
2852	61.99	DR5	CL28	06d	Rep3
2853	67.054	DR5	CL28	06d	Rep3
2854	62.57	DR5	CL28	06d	Rep3
2855	45.518	DR5	CL28	06d	Rep3
2856	58.16	DR5	CL28	06d	Rep3
2857	52.517	DR5	CL28	06d	Rep3
2858	53.344	DR5	CL28	06d	Rep3
2859	67.842	DR5	CL28	06d	Rep3
2860	52.322	DR5	CL28	06d	Rep3
2861	66.234	DR5	CL28	06d	Rep3
2862	71.297	DR5	CL28	06d	Rep3
2863	64.391	DR5	CL28	06d	Rep3
2864	68.213	DR5	CL28	06d	Rep3
2865	67.132	DR5	CL28	06d	Rep3
2866	81.276	DR5	CL28	06d	Rep3
2867	80.653	DR5	CL28	06d	Rep3
2868	90.779	DR5	CL28	06d	Rep3
2869	68.651	DR5	CL28	06d	Rep3
2870	62.644	DR5	CL28	06d	Rep3
2871	78.112	DR5	CL28	06d	Rep3
2872	64.054	DR5	CL28	06d	Rep3
2873	74.893	DR5	CL28	06d	Rep3
2874	53.421	DR5	CL28	06d	Rep3
2875	72.081	DR5	CL28	06d	Rep3
2876	88.592	DR5	CL28	06d	Rep3
2877	70.261	DR5	CL28	06d	Rep3
2878	84.574	DR5	CL28	06d	Rep3
2879	65.212	DR5	CL28	06d	Rep3
2880	55.224	DR5	CL28	06d	Rep3
2881	60.491	DR5	CL28	06d	Rep3
2882	48.692	DR5	CL28	06d	Rep3
2883	121.864	DR5	CL28	06d	Rep3
2884	44.7	DR5	CL28	06d	Rep3
2885	43.191	DR5	CL28	06d	Rep3
2886	54.832	DR5	CL28	06d	Rep3
2887	66.618	DR5	CL28	06d	Rep3
2888	79.168	DR5	CL28	06d	Rep3
2889	56.849	DR5	CL28	06d	Rep3
2890	88.132	DR5	CL28	06d	Rep3
2891	96.762	DR5	CL28	06d	Rep3
2892	63.678	DR5	CL28	06d	Rep3
2893	63.423	DR5	CL28	06d	Rep3
2894	61.492	DR5	CL28	06d	Rep3
2895	60.302	DR5	CL28	06d	Rep3
2896	80.053	DR5	CL28	06d	Rep3
2897	69.408	DR5	CL28	06d	Rep3
2898	56.31	DR5	CL28	06d	Rep3
2899	64.996	DR5	CL28	06d	Rep3
2900	89.684	DR5	CL28	06d	Rep3
2901	59.22	DR5	CL28	06d	Rep3
2902	74.139	DR5	CL28	06d	Rep3
2903	91.137	DR5	CL28	06d	Rep3
2904	71.699	DR5	CL28	06d	Rep3
2905	71.28	DR5	CL28	06d	Rep3
2906	85.724	DR5	CL28	06d	Rep3
2907	84.231	DR5	CL28	06d	Rep3
2908	80.887	DR5	CL28	06d	Rep3
2909	57.338	DR5	CL28	06d	Rep3
2910	76.822	DR5	CL28	06d	Rep3
2911	96.971	DR5	CL28	06d	Rep3
2912	47.61	DR5	CL28	06d	Rep3
2913	60.764	DR5	CL28	06d	Rep3
2914	50.281	DR5	CL28	06d	Rep3
2915	55.02	DR5	CL28	06d	Rep3
2916	51.319	DR5	CL28	06d	Rep3
2917	57.102	DR5	CL28	06d	Rep3
2918	59.437	DR5	CL28	06d	Rep3
2919	65.154	DR5	CL28	06d	Rep3
2920	54.883	DR5	CL28	06d	Rep3
2921	66.586	DR5	CL28	06d	Rep3
3002	29.246	DR5	NB	06d	Rep3
3003	37.793	DR5	NB	06d	Rep3
3004	45.614	DR5	NB	06d	Rep3
3005	20.794	DR5	NB	06d	Rep3
3006	20.873	DR5	NB	06d	Rep3
3007	25.17	DR5	NB	06d	Rep3
3008	37.779	DR5	NB	06d	Rep3
3009	22.666	DR5	NB	06d	Rep3
3010	31.739	DR5	NB	06d	Rep3
3011	21.118	DR5	NB	06d	Rep3
3012	21.172	DR5	NB	06d	Rep3
3013	25.188	DR5	NB	06d	Rep3
3014	21.608	DR5	NB	06d	Rep3
3015	21.986	DR5	NB	06d	Rep3
3016	21.541	DR5	NB	06d	Rep3
3017	20.978	DR5	NB	06d	Rep3
3018	33.131	DR5	NB	06d	Rep3
3019	21.238	DR5	NB	06d	Rep3
3020	20.243	DR5	NB	06d	Rep3
3021	22.138	DR5	NB	06d	Rep3
3022	21.332	DR5	NB	06d	Rep3
3023	17.097	DR5	NB	06d	Rep3
3024	21.116	DR5	NB	06d	Rep3
3025	13.719	DR5	NB	06d	Rep3
3026	21.221	DR5	NB	06d	Rep3
3027	16.536	DR5	NB	06d	Rep3
3028	18.096	DR5	NB	06d	Rep3
3029	16.494	DR5	NB	06d	Rep3
3030	17.146	DR5	NB	06d	Rep3
3031	13.483	DR5	NB	06d	Rep3
3032	20.784	DR5	NB	06d	Rep3
3033	16.989	DR5	NB	06d	Rep3
3034	13.801	DR5	NB	06d	Rep3
3035	15.447	DR5	NB	06d	Rep3
3036	18.057	DR5	NB	06d	Rep3
3037	14.311	DR5	NB	06d	Rep3
3038	13.054	DR5	NB	06d	Rep3
3039	19.502	DR5	NB	06d	Rep3
3040	18.726	DR5	NB	06d	Rep3
3041	17.454	DR5	NB	06d	Rep3
3042	24.118	DR5	NB	06d	Rep3
3043	21.463	DR5	NB	06d	Rep3
3044	18.742	DR5	NB	06d	Rep3
3045	21.413	DR5	NB	06d	Rep3
3046	20.166	DR5	NB	06d	Rep3
3047	23.212	DR5	NB	06d	Rep3
3048	20.01	DR5	NB	06d	Rep3
3049	22.714	DR5	NB	06d	Rep3
3050	21.037	DR5	NB	06d	Rep3
3051	19.181	DR5	NB	06d	Rep3
3052	20.751	DR5	NB	06d	Rep3
3053	17.019	DR5	NB	06d	Rep3
3054	15.888	DR5	NB	06d	Rep3
3055	21.599	DR5	NB	06d	Rep3
3056	16.661	DR5	NB	06d	Rep3
3057	22.473	DR5	NB	06d	Rep3
3058	16.664	DR5	NB	06d	Rep3
3059	24.199	DR5	NB	06d	Rep3
3060	18.503	DR5	NB	06d	Rep3
3061	17.246	DR5	NB	06d	Rep3
3062	21.158	DR5	NB	06d	Rep3
3063	16.263	DR5	NB	06d	Rep3
3064	20.594	DR5	NB	06d	Rep3
3065	21.553	DR5	NB	06d	Rep3
3066	24.391	DR5	NB	06d	Rep3
3067	16.504	DR5	NB	06d	Rep3
3068	17.152	DR5	NB	06d	Rep3
3069	21.184	DR5	NB	06d	Rep3
3070	22.564	DR5	NB	06d	Rep3
3071	21.114	DR5	NB	06d	Rep3
3072	21.19	DR5	NB	06d	Rep3
3073	37.786	DR5	NB	06d	Rep3
3074	85.374	DR5	NB	06d	Rep3
3075	81.852	DR5	NB	06d	Rep3
3076	25.629	DR5	NB	06d	Rep3
3077	29.134	DR5	NB	06d	Rep3
3078	45.137	DR5	NB	06d	Rep3
3079	32.406	DR5	NB	06d	Rep3
3080	81.979	DR5	NB	06d	Rep3
3081	62.329	DR5	NB	06d	Rep3
3162	55.147	DR5	CL28	09d	Rep3
3163	57.301	DR5	CL28	09d	Rep3
3164	51.816	DR5	CL28	09d	Rep3
3165	42.837	DR5	CL28	09d	Rep3
3166	107.017	DR5	CL28	09d	Rep3
3167	53.687	DR5	CL28	09d	Rep3
3168	75.834	DR5	CL28	09d	Rep3
3169	53.333	DR5	CL28	09d	Rep3
3170	47.582	DR5	CL28	09d	Rep3
3171	45.702	DR5	CL28	09d	Rep3
3172	53.157	DR5	CL28	09d	Rep3
3173	56.624	DR5	CL28	09d	Rep3
3174	72.026	DR5	CL28	09d	Rep3
3175	61.192	DR5	CL28	09d	Rep3
3176	92.694	DR5	CL28	09d	Rep3
3177	111.438	DR5	CL28	09d	Rep3
3178	66.674	DR5	CL28	09d	Rep3
3179	51.961	DR5	CL28	09d	Rep3
3180	51.56	DR5	CL28	09d	Rep3
3181	58.118	DR5	CL28	09d	Rep3
3182	109.07	DR5	CL28	09d	Rep3
3183	128.446	DR5	CL28	09d	Rep3
3184	52.87	DR5	CL28	09d	Rep3
3185	123.12	DR5	CL28	09d	Rep3
3186	123.12	DR5	CL28	09d	Rep3
3187	93.813	DR5	CL28	09d	Rep3
3188	129.053	DR5	CL28	09d	Rep3
3189	82.078	DR5	CL28	09d	Rep3
3190	95.971	DR5	CL28	09d	Rep3
3191	107.316	DR5	CL28	09d	Rep3
3192	54.95	DR5	CL28	09d	Rep3
3193	57.491	DR5	CL28	09d	Rep3
3194	39.666	DR5	CL28	09d	Rep3
3195	61.93	DR5	CL28	09d	Rep3
3196	54.088	DR5	CL28	09d	Rep3
3197	106.089	DR5	CL28	09d	Rep3
3198	51.336	DR5	CL28	09d	Rep3
3199	50.796	DR5	CL28	09d	Rep3
3200	55.587	DR5	CL28	09d	Rep3
3201	50.506	DR5	CL28	09d	Rep3
3202	48.438	DR5	CL28	09d	Rep3
3203	51.833	DR5	CL28	09d	Rep3
3204	44.959	DR5	CL28	09d	Rep3
3205	53.652	DR5	CL28	09d	Rep3
3206	46.351	DR5	CL28	09d	Rep3
3207	97.566	DR5	CL28	09d	Rep3
3208	48.002	DR5	CL28	09d	Rep3
3209	49.266	DR5	CL28	09d	Rep3
3210	45.66	DR5	CL28	09d	Rep3
3211	64.778	DR5	CL28	09d	Rep3
3212	46.85	DR5	CL28	09d	Rep3
3213	54.676	DR5	CL28	09d	Rep3
3214	50.646	DR5	CL28	09d	Rep3
3215	37.809	DR5	CL28	09d	Rep3
3216	50.838	DR5	CL28	09d	Rep3
3217	52.596	DR5	CL28	09d	Rep3
3218	79.149	DR5	CL28	09d	Rep3
3219	56.117	DR5	CL28	09d	Rep3
3220	35.599	DR5	CL28	09d	Rep3
3221	67.166	DR5	CL28	09d	Rep3
3222	50.006	DR5	CL28	09d	Rep3
3223	60.416	DR5	CL28	09d	Rep3
3224	53.091	DR5	CL28	09d	Rep3
3225	67.999	DR5	CL28	09d	Rep3
3226	79.404	DR5	CL28	09d	Rep3
3227	53.773	DR5	CL28	09d	Rep3
3228	105.01	DR5	CL28	09d	Rep3
3229	50.791	DR5	CL28	09d	Rep3
3230	51.211	DR5	CL28	09d	Rep3
3231	48.182	DR5	CL28	09d	Rep3
3232	34.543	DR5	CL28	09d	Rep3
3233	60.048	DR5	CL28	09d	Rep3
3234	51.904	DR5	CL28	09d	Rep3
3235	62.323	DR5	CL28	09d	Rep3
3236	54.379	DR5	CL28	09d	Rep3
3237	88.487	DR5	CL28	09d	Rep3
3238	48.273	DR5	CL28	09d	Rep3
3239	69.078	DR5	CL28	09d	Rep3
3240	53.186	DR5	CL28	09d	Rep3
3241	54.087	DR5	CL28	09d	Rep3
3242	16.109	DR5	CL28+CL14	09d	Rep3
3243	15.967	DR5	CL28+CL14	09d	Rep3
3244	19.661	DR5	CL28+CL14	09d	Rep3
3245	13.596	DR5	CL28+CL14	09d	Rep3
3246	15.718	DR5	CL28+CL14	09d	Rep3
3247	16.61	DR5	CL28+CL14	09d	Rep3
3248	20.56	DR5	CL28+CL14	09d	Rep3
3249	12.824	DR5	CL28+CL14	09d	Rep3
3250	12.814	DR5	CL28+CL14	09d	Rep3
3251	17.011	DR5	CL28+CL14	09d	Rep3
3252	18.779	DR5	CL28+CL14	09d	Rep3
3253	19.257	DR5	CL28+CL14	09d	Rep3
3254	17.77	DR5	CL28+CL14	09d	Rep3
3255	19.64	DR5	CL28+CL14	09d	Rep3
3256	16.893	DR5	CL28+CL14	09d	Rep3
3257	22.43	DR5	CL28+CL14	09d	Rep3
3258	16.537	DR5	CL28+CL14	09d	Rep3
3259	20.19	DR5	CL28+CL14	09d	Rep3
3260	15.793	DR5	CL28+CL14	09d	Rep3
3261	17.221	DR5	CL28+CL14	09d	Rep3
3262	17.41	DR5	CL28+CL14	09d	Rep3
3263	15.567	DR5	CL28+CL14	09d	Rep3
3264	22.088	DR5	CL28+CL14	09d	Rep3
3265	16.622	DR5	CL28+CL14	09d	Rep3
3266	25.617	DR5	CL28+CL14	09d	Rep3
3267	16.463	DR5	CL28+CL14	09d	Rep3
3268	20.437	DR5	CL28+CL14	09d	Rep3
3269	19.49	DR5	CL28+CL14	09d	Rep3
3270	16.834	DR5	CL28+CL14	09d	Rep3
3271	18.326	DR5	CL28+CL14	09d	Rep3
3272	16.811	DR5	CL28+CL14	09d	Rep3
3273	16.014	DR5	CL28+CL14	09d	Rep3
3274	20.584	DR5	CL28+CL14	09d	Rep3
3275	14.312	DR5	CL28+CL14	09d	Rep3
3276	17.053	DR5	CL28+CL14	09d	Rep3
3277	19.428	DR5	CL28+CL14	09d	Rep3
3278	18.079	DR5	CL28+CL14	09d	Rep3
3279	21.638	DR5	CL28+CL14	09d	Rep3
3280	16.129	DR5	CL28+CL14	09d	Rep3
3281	14.438	DR5	CL28+CL14	09d	Rep3
3282	17.314	DR5	CL28+CL14	09d	Rep3
3283	24.71	DR5	CL28+CL14	09d	Rep3
3284	21.744	DR5	CL28+CL14	09d	Rep3
3285	15.927	DR5	CL28+CL14	09d	Rep3
3286	21.509	DR5	CL28+CL14	09d	Rep3
3287	16.251	DR5	CL28+CL14	09d	Rep3
3288	19.638	DR5	CL28+CL14	09d	Rep3
3289	16.396	DR5	CL28+CL14	09d	Rep3
3290	20.596	DR5	CL28+CL14	09d	Rep3
3291	17.601	DR5	CL28+CL14	09d	Rep3
3292	18.891	DR5	CL28+CL14	09d	Rep3
3293	19.967	DR5	CL28+CL14	09d	Rep3
3294	15.802	DR5	CL28+CL14	09d	Rep3
3295	13.827	DR5	CL28+CL14	09d	Rep3
3296	15.698	DR5	CL28+CL14	09d	Rep3
3297	16.793	DR5	CL28+CL14	09d	Rep3
3298	13.252	DR5	CL28+CL14	09d	Rep3
3299	17.967	DR5	CL28+CL14	09d	Rep3
3300	18.67	DR5	CL28+CL14	09d	Rep3
3301	14.568	DR5	CL28+CL14	09d	Rep3
3302	16.789	DR5	CL28+CL14	09d	Rep3
3303	18.97	DR5	CL28+CL14	09d	Rep3
3304	17.713	DR5	CL28+CL14	09d	Rep3
3305	16.45	DR5	CL28+CL14	09d	Rep3
3306	16.046	DR5	CL28+CL14	09d	Rep3
3307	19.232	DR5	CL28+CL14	09d	Rep3
3308	18.134	DR5	CL28+CL14	09d	Rep3
3309	15.75	DR5	CL28+CL14	09d	Rep3
3310	16.508	DR5	CL28+CL14	09d	Rep3
3311	16.546	DR5	CL28+CL14	09d	Rep3
3312	17.984	DR5	CL28+CL14	09d	Rep3
3313	13.08	DR5	CL28+CL14	09d	Rep3
3314	12.951	DR5	CL28+CL14	09d	Rep3
3315	15.144	DR5	CL28+CL14	09d	Rep3
3316	16.153	DR5	CL28+CL14	09d	Rep3
3317	13.45	DR5	CL28+CL14	09d	Rep3
3318	12.847	DR5	CL28+CL14	09d	Rep3
3319	17.944	DR5	CL28+CL14	09d	Rep3
3320	16.769	DR5	CL28+CL14	09d	Rep3
3321	15.131	DR5	CL28+CL14	09d	Rep3
3372	15.157	DR5	NB	09d	Rep3
3373	15.857	DR5	NB	09d	Rep3
3374	16.44	DR5	NB	09d	Rep3
3375	19.748	DR5	NB	09d	Rep3
3376	12.487	DR5	NB	09d	Rep3
3377	16.536	DR5	NB	09d	Rep3
3378	13.079	DR5	NB	09d	Rep3
3379	16.878	DR5	NB	09d	Rep3
3380	14.702	DR5	NB	09d	Rep3
3381	15.818	DR5	NB	09d	Rep3
3382	16.41	DR5	NB	09d	Rep3
3383	18.258	DR5	NB	09d	Rep3
3384	15.876	DR5	NB	09d	Rep3
3385	13.991	DR5	NB	09d	Rep3
3386	14.697	DR5	NB	09d	Rep3
3387	16.076	DR5	NB	09d	Rep3
3388	17.17	DR5	NB	09d	Rep3
3389	15.391	DR5	NB	09d	Rep3
3390	16.129	DR5	NB	09d	Rep3
3391	14.967	DR5	NB	09d	Rep3
3392	16.519	DR5	NB	09d	Rep3
3393	13.067	DR5	NB	09d	Rep3
3394	12.917	DR5	NB	09d	Rep3
3395	16.478	DR5	NB	09d	Rep3
3396	18.153	DR5	NB	09d	Rep3
3397	15.407	DR5	NB	09d	Rep3
3398	16.316	DR5	NB	09d	Rep3
3399	16.27	DR5	NB	09d	Rep3
3400	15.517	DR5	NB	09d	Rep3
3401	14.597	DR5	NB	09d	Rep3
3402	17.019	DR5	NB	09d	Rep3
3403	15.623	DR5	NB	09d	Rep3
3404	17.639	DR5	NB	09d	Rep3
3405	13.076	DR5	NB	09d	Rep3
3406	15.41	DR5	NB	09d	Rep3
3407	16.228	DR5	NB	09d	Rep3
3408	17.546	DR5	NB	09d	Rep3
3409	12.806	DR5	NB	09d	Rep3
3410	16.751	DR5	NB	09d	Rep3
3411	15.618	DR5	NB	09d	Rep3
3412	15.472	DR5	NB	09d	Rep3
3413	12.847	DR5	NB	09d	Rep3
3414	13.04	DR5	NB	09d	Rep3
3415	13.418	DR5	NB	09d	Rep3
3416	13.727	DR5	NB	09d	Rep3
3417	14.361	DR5	NB	09d	Rep3
3418	14.109	DR5	NB	09d	Rep3
3419	14.731	DR5	NB	09d	Rep3
3420	13.363	DR5	NB	09d	Rep3
3421	13.74	DR5	NB	09d	Rep3
3422	15.693	DR5	NB	09d	Rep3
3423	12.791	DR5	NB	09d	Rep3
3424	15.431	DR5	NB	09d	Rep3
3425	20.308	DR5	NB	09d	Rep3
3426	15.614	DR5	NB	09d	Rep3
3427	18.68	DR5	NB	09d	Rep3
3428	13.846	DR5	NB	09d	Rep3
3429	14.952	DR5	NB	09d	Rep3
3430	16.524	DR5	NB	09d	Rep3
3431	12.944	DR5	NB	09d	Rep3
3482	17.492	DR5	CL28+CL14	13d	Rep3
3483	21.481	DR5	CL28+CL14	13d	Rep3
3484	25.346	DR5	CL28+CL14	13d	Rep3
3485	15.746	DR5	CL28+CL14	13d	Rep3
3486	16.12	DR5	CL28+CL14	13d	Rep3
3487	21.564	DR5	CL28+CL14	13d	Rep3
3488	18.662	DR5	CL28+CL14	13d	Rep3
3489	23.942	DR5	CL28+CL14	13d	Rep3
3490	21.378	DR5	CL28+CL14	13d	Rep3
3491	27.027	DR5	CL28+CL14	13d	Rep3
3492	21.497	DR5	CL28+CL14	13d	Rep3
3493	16.07	DR5	CL28+CL14	13d	Rep3
3494	15.881	DR5	CL28+CL14	13d	Rep3
3495	15.943	DR5	CL28+CL14	13d	Rep3
3496	16.117	DR5	CL28+CL14	13d	Rep3
3497	20.762	DR5	CL28+CL14	13d	Rep3
3498	16.601	DR5	CL28+CL14	13d	Rep3
3499	15.964	DR5	CL28+CL14	13d	Rep3
3500	16.404	DR5	CL28+CL14	13d	Rep3
3501	17.519	DR5	CL28+CL14	13d	Rep3
3502	16.214	DR5	CL28+CL14	13d	Rep3
3503	16.327	DR5	CL28+CL14	13d	Rep3
3504	16.166	DR5	CL28+CL14	13d	Rep3
3505	16.513	DR5	CL28+CL14	13d	Rep3
3506	16.165	DR5	CL28+CL14	13d	Rep3
3507	20.022	DR5	CL28+CL14	13d	Rep3
3508	17.552	DR5	CL28+CL14	13d	Rep3
3509	17.042	DR5	CL28+CL14	13d	Rep3
3510	19.028	DR5	CL28+CL14	13d	Rep3
3511	16.55	DR5	CL28+CL14	13d	Rep3
3512	18.641	DR5	CL28+CL14	13d	Rep3
3513	17.754	DR5	CL28+CL14	13d	Rep3
3514	19.714	DR5	CL28+CL14	13d	Rep3
3515	15.318	DR5	CL28+CL14	13d	Rep3
3516	18.554	DR5	CL28+CL14	13d	Rep3
3517	17.879	DR5	CL28+CL14	13d	Rep3
3518	15.912	DR5	CL28+CL14	13d	Rep3
3519	17.207	DR5	CL28+CL14	13d	Rep3
3520	15.512	DR5	CL28+CL14	13d	Rep3
3521	18.541	DR5	CL28+CL14	13d	Rep3
3522	15.86	DR5	CL28+CL14	13d	Rep3
3523	17.496	DR5	CL28+CL14	13d	Rep3
3524	15.997	DR5	CL28+CL14	13d	Rep3
3525	16.109	DR5	CL28+CL14	13d	Rep3
3526	15.352	DR5	CL28+CL14	13d	Rep3
3527	17.538	DR5	CL28+CL14	13d	Rep3
3528	16.412	DR5	CL28+CL14	13d	Rep3
3529	15.504	DR5	CL28+CL14	13d	Rep3
3530	17.147	DR5	CL28+CL14	13d	Rep3
3531	15.536	DR5	CL28+CL14	13d	Rep3
3532	16.279	DR5	CL28+CL14	13d	Rep3
3533	14.9	DR5	CL28+CL14	13d	Rep3
3534	17.117	DR5	CL28+CL14	13d	Rep3
3535	12.754	DR5	CL28+CL14	13d	Rep3
3536	12.968	DR5	CL28+CL14	13d	Rep3
3537	15.689	DR5	CL28+CL14	13d	Rep3
3538	13.537	DR5	CL28+CL14	13d	Rep3
3539	14.173	DR5	CL28+CL14	13d	Rep3
3540	13.85	DR5	CL28+CL14	13d	Rep3
3541	14.531	DR5	CL28+CL14	13d	Rep3
3542	20.488	DR5	CL28+CL14	13d	Rep3
3543	15.709	DR5	CL28+CL14	13d	Rep3
3544	16.06	DR5	CL28+CL14	13d	Rep3
3545	19.991	DR5	CL28+CL14	13d	Rep3
3546	17.292	DR5	CL28+CL14	13d	Rep3
3547	15.856	DR5	CL28+CL14	13d	Rep3
3548	17.578	DR5	CL28+CL14	13d	Rep3
3549	20.293	DR5	CL28+CL14	13d	Rep3
3550	16.072	DR5	CL28+CL14	13d	Rep3
3551	16.141	DR5	CL28+CL14	13d	Rep3
3552	32.08	DR5	CL28	13d	Rep3
3553	29.598	DR5	CL28	13d	Rep3
3554	36.821	DR5	CL28	13d	Rep3
3555	79.667	DR5	CL28	13d	Rep3
3556	43.118	DR5	CL28	13d	Rep3
3557	42.468	DR5	CL28	13d	Rep3
3558	37.051	DR5	CL28	13d	Rep3
3559	32.008	DR5	CL28	13d	Rep3
3560	62	DR5	CL28	13d	Rep3
3561	38.81	DR5	CL28	13d	Rep3
3562	56.168	DR5	CL28	13d	Rep3
3563	40.892	DR5	CL28	13d	Rep3
3564	43.83	DR5	CL28	13d	Rep3
3565	44.671	DR5	CL28	13d	Rep3
3566	52.19	DR5	CL28	13d	Rep3
3567	45.243	DR5	CL28	13d	Rep3
3568	44.173	DR5	CL28	13d	Rep3
3569	97.38	DR5	CL28	13d	Rep3
3570	47.14	DR5	CL28	13d	Rep3
3571	41.32	DR5	CL28	13d	Rep3
3572	35.069	DR5	CL28	13d	Rep3
3573	39.519	DR5	CL28	13d	Rep3
3574	42.38	DR5	CL28	13d	Rep3
3575	41.803	DR5	CL28	13d	Rep3
3576	67.39	DR5	CL28	13d	Rep3
3577	39.081	DR5	CL28	13d	Rep3
3578	40.312	DR5	CL28	13d	Rep3
3579	35.354	DR5	CL28	13d	Rep3
3580	50.088	DR5	CL28	13d	Rep3
3581	93.192	DR5	CL28	13d	Rep3
3582	29.688	DR5	CL28	13d	Rep3
3583	20.793	DR5	CL28	13d	Rep3
3584	24.139	DR5	CL28	13d	Rep3
3585	32.782	DR5	CL28	13d	Rep3
3586	19.986	DR5	CL28	13d	Rep3
3587	27.548	DR5	CL28	13d	Rep3
3588	34.076	DR5	CL28	13d	Rep3
3589	23.025	DR5	CL28	13d	Rep3
3590	35.954	DR5	CL28	13d	Rep3
3591	23.764	DR5	CL28	13d	Rep3
3592	29.702	DR5	CL28	13d	Rep3
3593	45.244	DR5	CL28	13d	Rep3
3594	43.101	DR5	CL28	13d	Rep3
3595	29.914	DR5	CL28	13d	Rep3
3596	27.411	DR5	CL28	13d	Rep3
3597	45.543	DR5	CL28	13d	Rep3
3598	50.282	DR5	CL28	13d	Rep3
3599	33.696	DR5	CL28	13d	Rep3
3600	38.329	DR5	CL28	13d	Rep3
3601	44.374	DR5	CL28	13d	Rep3
3602	21.697	DR5	CL28	13d	Rep3
3603	16.135	DR5	CL28	13d	Rep3
3604	22.04	DR5	CL28	13d	Rep3
3605	22.306	DR5	CL28	13d	Rep3
3606	19.818	DR5	CL28	13d	Rep3
3607	22.697	DR5	CL28	13d	Rep3
3608	21.684	DR5	CL28	13d	Rep3
3609	18.504	DR5	CL28	13d	Rep3
3610	26.037	DR5	CL28	13d	Rep3
3611	22.351	DR5	CL28	13d	Rep3
3612	17.523	DR5	CL28	13d	Rep3
3613	18.948	DR5	CL28	13d	Rep3
3614	17.112	DR5	CL28	13d	Rep3
3615	20.976	DR5	CL28	13d	Rep3
3616	20.582	DR5	CL28	13d	Rep3
3617	16.224	DR5	CL28	13d	Rep3
3618	16.08	DR5	CL28	13d	Rep3
3619	15.843	DR5	CL28	13d	Rep3
3620	16.927	DR5	CL28	13d	Rep3
3621	21.57	DR5	CL28	13d	Rep3
3652	16.342	DR5	NB	13d	Rep3
3653	19.262	DR5	NB	13d	Rep3
3654	21.712	DR5	NB	13d	Rep3
3655	16.743	DR5	NB	13d	Rep3
3656	16.743	DR5	NB	13d	Rep3
3657	16.104	DR5	NB	13d	Rep3
3658	16.892	DR5	NB	13d	Rep3
3659	15.959	DR5	NB	13d	Rep3
3660	17.452	DR5	NB	13d	Rep3
3661	19.228	DR5	NB	13d	Rep3
3662	20.948	DR5	NB	13d	Rep3
3663	18.08	DR5	NB	13d	Rep3
3664	17.437	DR5	NB	13d	Rep3
3665	21.329	DR5	NB	13d	Rep3
3666	17.283	DR5	NB	13d	Rep3
3667	19.45	DR5	NB	13d	Rep3
3668	20.779	DR5	NB	13d	Rep3
3669	17.231	DR5	NB	13d	Rep3
3670	21.206	DR5	NB	13d	Rep3
3671	18.209	DR5	NB	13d	Rep3
3672	17.491	DR5	NB	13d	Rep3
3673	17.839	DR5	NB	13d	Rep3
3674	16.956	DR5	NB	13d	Rep3
3675	21.344	DR5	NB	13d	Rep3
3676	17.78	DR5	NB	13d	Rep3
3677	17.263	DR5	NB	13d	Rep3
3678	20.856	DR5	NB	13d	Rep3
3679	17.689	DR5	NB	13d	Rep3
3680	17.334	DR5	NB	13d	Rep3
3681	21.403	DR5	NB	13d	Rep3
3682	21.313	DR5	NB	13d	Rep3
3683	21.138	DR5	NB	13d	Rep3
3684	18.73	DR5	NB	13d	Rep3
3685	20.538	DR5	NB	13d	Rep3
3686	17.791	DR5	NB	13d	Rep3
3687	17.62	DR5	NB	13d	Rep3
3688	22.204	DR5	NB	13d	Rep3
3689	18.12	DR5	NB	13d	Rep3
3690	17.664	DR5	NB	13d	Rep3
3691	21.122	DR5	NB	13d	Rep3
